energy,unc_en,intensity,unc_i,start_level_hl,start_level_energy,end_level_hl,end_level_energy,multipolarity,mixing_ratio,unc_mr,conversion_coeff,unc_cc,p_z,p_n,p_symbol,p_energy_shift,p_energy,unc_pe,jp,half_life,operator_hl,unc_hl,unit_hl,half_life_sec,unc_hls,decay,decay_%,unc_d,q,unc_q,d_z,d_n,d_symbol,ensdf_publication_cut-off,ensdf_authors,Extraction_date
6.1,,,,,283.29,,277.2,,,,,,65,87,Tb,,501.74,0.19,8+,4.2,,1,m,252,6,IT,78.9,0.6,,,65,87,Tb,31-Aug-2013,M. J. MARTIN,2026-09-18
48,0.2,1.18,0.09,,283.29,,235.4,M1,,,2.93,,65,87,Tb,,501.74,0.19,8+,4.2,,1,m,252,6,IT,78.9,0.6,,,65,87,Tb,31-Aug-2013,M. J. MARTIN,2026-09-18
58.9,0.2,7.2,0.5,0.00000096,342.2,,283.29,M1,,,10.11,,65,87,Tb,,501.74,0.19,8+,4.2,,1,m,252,6,IT,78.9,0.6,,,65,87,Tb,31-Aug-2013,M. J. MARTIN,2026-09-18
65,0.3,0.185,0.012,0.00000096,342.2,,277.2,[E2],,,13.7,,65,87,Tb,,501.74,0.19,8+,4.2,,1,m,252,6,IT,78.9,0.6,,,65,87,Tb,31-Aug-2013,M. J. MARTIN,2026-09-18
92.4,0.2,0.29,0.03,,2394.11,,2301.72,[M1 E2],,,2.9,,65,87,Tb,,501.74,0.19,8+,4.2,,1,m,252,6,EC+B+,21.1,0.6,3990,40,64,88,Gd,31-Aug-2013,M. J. MARTIN,2026-09-18
106.6,0.3,0.323,0.018,0.00000096,342.2,,235.4,[E2],,,2.06,,65,87,Tb,,501.74,0.19,8+,4.2,,1,m,252,6,IT,78.9,0.6,,,65,87,Tb,31-Aug-2013,M. J. MARTIN,2026-09-18
113.5,,,,,,,,,,,,,65,87,Tb,,0,,2-,17.5,,1,h,63000,360,EC+B+,100,,3990,40,64,88,Gd,31-Aug-2013,M. J. MARTIN,2026-09-18
115.3,,,,,,,,,,,,,65,87,Tb,,0,,2-,17.5,,1,h,63000,360,EC+B+,100,,3990,40,64,88,Gd,31-Aug-2013,M. J. MARTIN,2026-09-18
117.25,0.07,0.0498475,0.0014742625275031582,,1047.78,,930.560,E2,,,1.412,,65,87,Tb,,0,,2-,17.5,,1,h,63000,360,EC+B+,100,,3990,40,64,88,Gd,31-Aug-2013,M. J. MARTIN,2026-09-18
143.8,,,,,,,,,,,,,65,87,Tb,,0,,2-,17.5,,1,h,63000,360,EC+B+,100,,3990,40,64,88,Gd,31-Aug-2013,M. J. MARTIN,2026-09-18
155.1,,,,,,,,,,,,,65,87,Tb,,0,,2-,17.5,,1,h,63000,360,EC+B+,100,,3990,40,64,88,Gd,31-Aug-2013,M. J. MARTIN,2026-09-18
159.16,0.16,0.0093345,0.001019821180403702,,1282.25,,1123.186,[E1],,,0.0835,,65,87,Tb,,0,,2-,17.5,,1,h,63000,360,EC+B+,100,,3990,40,64,88,Gd,31-Aug-2013,M. J. MARTIN,2026-09-18
159.59,0.1,16.6,0.8,252,501.74,0.00000096,342.2,E3,,,4.01,,65,87,Tb,,501.74,0.19,8+,4.2,,1,m,252,6,IT,78.9,0.6,,,65,87,Tb,31-Aug-2013,M. J. MARTIN,2026-09-18
160.77,0.09,0.016002,0.0009644260935914167,,,,,,,,,,65,87,Tb,,0,,2-,17.5,,1,h,63000,360,EC+B+,100,,3990,40,64,88,Gd,31-Aug-2013,M. J. MARTIN,2026-09-18
169.5,0.12,0.02032,0.0019146511431589828,,,,,,,,,,65,87,Tb,,0,,2-,17.5,,1,h,63000,360,EC+B+,100,,3990,40,64,88,Gd,31-Aug-2013,M. J. MARTIN,2026-09-18
175.14,0.09,0.02413,0.002550212540162094,,930.560,,755.3960,[E2],,,0.347,,65,87,Tb,,0,,2-,17.5,,1,h,63000,360,EC+B+,100,,3990,40,64,88,Gd,31-Aug-2013,M. J. MARTIN,2026-09-18
178.58,0.11,0.0120015,0.0010223089356940984,,1109.203,,930.560,M1 E2,,,0.36,,65,87,Tb,,0,,2-,17.5,,1,h,63000,360,EC+B+,100,,3990,40,64,88,Gd,31-Aug-2013,M. J. MARTIN,2026-09-18
181.3,0.3,0.0065405,0.0014618069263757098,,,,,,,,,,65,87,Tb,,0,,2-,17.5,,1,h,63000,360,EC+B+,100,,3990,40,64,88,Gd,31-Aug-2013,M. J. MARTIN,2026-09-18
185.07,0.16,0.00762,0.0019063601443588775,,,,,,,,,,65,87,Tb,,0,,2-,17.5,,1,h,63000,360,EC+B+,100,,3990,40,64,88,Gd,31-Aug-2013,M. J. MARTIN,2026-09-18
195.17,0.07,0.39624,0.009646223924417264,,1318.355,,1123.186,E1,,,0.0484,,65,87,Tb,,0,,2-,17.5,,1,h,63000,360,EC+B+,100,,3990,40,64,88,Gd,31-Aug-2013,M. J. MARTIN,2026-09-18
196.34,0.17,0.029845,0.003187498862744895,,,,,,,,,,65,87,Tb,,0,,2-,17.5,,1,h,63000,360,EC+B+,100,,3990,40,64,88,Gd,31-Aug-2013,M. J. MARTIN,2026-09-18
197.4,0.3,0.29,0.03,,1668.06,,1470.47,[E1],,,0.0470,,65,87,Tb,,501.74,0.19,8+,4.2,,1,m,252,6,EC+B+,21.1,0.6,3990,40,64,88,Gd,31-Aug-2013,M. J. MARTIN,2026-09-18
209.14,0.08,0.036068,0.0013763600146763928,,1318.355,,1109.203,M1+E2(+E0),,,0.22,,65,87,Tb,,0,,2-,17.5,,1,h,63000,360,EC+B+,100,,3990,40,64,88,Gd,31-Aug-2013,M. J. MARTIN,2026-09-18
218.42,0.09,0.013843,0.0007106411823135499,,1861.89,,1643.428,[E1],,,0.0360,,65,87,Tb,,0,,2-,17.5,,1,h,63000,360,EC+B+,100,,3990,40,64,88,Gd,31-Aug-2013,M. J. MARTIN,2026-09-18
220.7,0.3,0.43,0.04,,2394.11,,2173.33,[E1],,,0.0350,,65,87,Tb,,501.74,0.19,8+,4.2,,1,m,252,6,EC+B+,21.1,0.6,3990,40,64,88,Gd,31-Aug-2013,M. J. MARTIN,2026-09-18
235.4,0.1,4.2,0.3,,235.4,,0.0,M1,,,0.200,,65,87,Tb,,501.74,0.19,8+,4.2,,1,m,252,6,IT,78.9,0.6,,,65,87,Tb,31-Aug-2013,M. J. MARTIN,2026-09-18
248.75,0.09,0.062865,0.007643116903462879,,1941.17,,1692.43,[M1 E2],,,0.133,,65,87,Tb,,0,,2-,17.5,,1,h,63000,360,EC+B+,100,,3990,40,64,88,Gd,31-Aug-2013,M. J. MARTIN,2026-09-18
255.4,0.3,0.36,0.03,,2394.11,,2138.7,M1 E2,,,0.123,,65,87,Tb,,501.74,0.19,8+,4.2,,1,m,252,6,EC+B+,21.1,0.6,3990,40,64,88,Gd,31-Aug-2013,M. J. MARTIN,2026-09-18
271,0.3,0.08,0.05,,615.27,,344.27,E2,,,0.0827,,65,87,Tb,,501.74,0.19,8+,4.2,,1,m,252,6,EC+B+,21.1,0.6,3990,40,64,88,Gd,31-Aug-2013,M. J. MARTIN,2026-09-18
271.09,0.07,9.525,0.21068993806064873,,615.38,,344.2790,E2,,,0.0826,,65,87,Tb,,0,,2-,17.5,,1,h,63000,360,EC+B+,100,,3990,40,64,88,Gd,31-Aug-2013,M. J. MARTIN,2026-09-18
277.2,0.1,8.5,0.4,,277.2,,0.0,M1,,,0.1284,,65,87,Tb,,501.74,0.19,8+,4.2,,1,m,252,6,IT,78.9,0.6,,,65,87,Tb,31-Aug-2013,M. J. MARTIN,2026-09-18
283.29,0.05,59.8,0.5,,283.29,,0.0,E2,,,0.0744,,65,87,Tb,,501.74,0.19,8+,4.2,,1,m,252,6,IT,78.9,0.6,,,65,87,Tb,31-Aug-2013,M. J. MARTIN,2026-09-18
296.31,0.21,0.0066675,0.0013349873594907182,,,,,,,,,,65,87,Tb,,0,,2-,17.5,,1,h,63000,360,EC+B+,100,,3990,40,64,88,Gd,31-Aug-2013,M. J. MARTIN,2026-09-18
298.06,0.21,0.006858,0.001018064359458674,,1941.17,,1643.428,[E1],,,0.01619,,65,87,Tb,,0,,2-,17.5,,1,h,63000,360,EC+B+,100,,3990,40,64,88,Gd,31-Aug-2013,M. J. MARTIN,2026-09-18
301.8,0.3,0.004953,0.0013977836885584265,,2749.23,,2448.01,,,,,,65,87,Tb,,0,,2-,17.5,,1,h,63000,360,EC+B+,100,,3990,40,64,88,Gd,31-Aug-2013,M. J. MARTIN,2026-09-18
303.7,0.4,0.06,0.03,,2301.72,,1997.79,[M1 E2],,,0.075,,65,87,Tb,,501.74,0.19,8+,4.2,,1,m,252,6,EC+B+,21.1,0.6,3990,40,64,88,Gd,31-Aug-2013,M. J. MARTIN,2026-09-18
311.4,0.4,0.08,0.03,,1861.51,,1549.98,[M1 E2],,,0.070,,65,87,Tb,,501.74,0.19,8+,4.2,,1,m,252,6,EC+B+,21.1,0.6,3990,40,64,88,Gd,31-Aug-2013,M. J. MARTIN,2026-09-18
315.16,0.07,0.8128,0.020539836902955196,,930.560,,615.38,E2,,,0.0518,,65,87,Tb,,0,,2-,17.5,,1,h,63000,360,EC+B+,100,,3990,40,64,88,Gd,31-Aug-2013,M. J. MARTIN,2026-09-18
315.2,0.3,0.14,0.03,,930.47,,615.27,(E2),,,0.0518,,65,87,Tb,,501.74,0.19,8+,4.2,,1,m,252,6,EC+B+,21.1,0.6,3990,40,64,88,Gd,31-Aug-2013,M. J. MARTIN,2026-09-18
322.18,0.13,0.0086995,0.0008927921594637803,,,,,,,,,,65,87,Tb,,0,,2-,17.5,,1,h,63000,360,EC+B+,100,,3990,40,64,88,Gd,31-Aug-2013,M. J. MARTIN,2026-09-18
324.9,0.07,0.04191,0.001945723772789961,,1434.021,,1109.203,[M1 E2],,,0.062,,65,87,Tb,,0,,2-,17.5,,1,h,63000,360,EC+B+,100,,3990,40,64,88,Gd,31-Aug-2013,M. J. MARTIN,2026-09-18
334.02,0.11,0.023749,0.0013522490931777325,,,,,,,,,,65,87,Tb,,0,,2-,17.5,,1,h,63000,360,EC+B+,100,,3990,40,64,88,Gd,31-Aug-2013,M. J. MARTIN,2026-09-18
335.56,0.07,0.059055,0.0019850413093938373,,1941.17,,1605.60,[M1 E2],,,0.057,,65,87,Tb,,0,,2-,17.5,,1,h,63000,360,EC+B+,100,,3990,40,64,88,Gd,31-Aug-2013,M. J. MARTIN,2026-09-18
344.26,0.07,20,1.2,,344.27,,0.0,E2,,,0.0397,,65,87,Tb,,501.74,0.19,8+,4.2,,1,m,252,6,EC+B+,21.1,0.6,3990,40,64,88,Gd,31-Aug-2013,M. J. MARTIN,2026-09-18
344.2785,0.0013,63.5,1.6971023098210667,,344.2790,,0,E2,,,0.0397,,65,87,Tb,,0,,2-,17.5,,1,h,63000,360,EC+B+,100,,3990,40,64,88,Gd,31-Aug-2013,M. J. MARTIN,2026-09-18
351.7,0.1,1.81,0.13,,1282.17,,930.47,E2,,,0.0373,,65,87,Tb,,501.74,0.19,8+,4.2,,1,m,252,6,EC+B+,21.1,0.6,3990,40,64,88,Gd,31-Aug-2013,M. J. MARTIN,2026-09-18
351.73,0.07,0.23241,0.006122388504497244,,1282.25,,930.560,E2,,,0.0373,,65,87,Tb,,0,,2-,17.5,,1,h,63000,360,EC+B+,100,,3990,40,64,88,Gd,31-Aug-2013,M. J. MARTIN,2026-09-18
353.78,0.09,0.028448,0.0012981346001089409,,1109.203,,755.3960,[E2],,,0.0367,,65,87,Tb,,0,,2-,17.5,,1,h,63000,360,EC+B+,100,,3990,40,64,88,Gd,31-Aug-2013,M. J. MARTIN,2026-09-18
362.33,0.09,0.0196215,0.0009081267312440484,,,,,,,,,,65,87,Tb,,0,,2-,17.5,,1,h,63000,360,EC+B+,100,,3990,40,64,88,Gd,31-Aug-2013,M. J. MARTIN,2026-09-18
364.84,0.16,0.009017,0.0010828570034866099,,,,,,,,,,65,87,Tb,,0,,2-,17.5,,1,h,63000,360,EC+B+,100,,3990,40,64,88,Gd,31-Aug-2013,M. J. MARTIN,2026-09-18
366.15,0.09,0.029845,0.0019257593307576105,,1680.75,,1314.64,,,,,,65,87,Tb,,0,,2-,17.5,,1,h,63000,360,EC+B+,100,,3990,40,64,88,Gd,31-Aug-2013,M. J. MARTIN,2026-09-18
367.8,0.07,0.34925,0.009482726401199184,,1123.186,,755.3960,E1,,,0.00964,,65,87,Tb,,0,,2-,17.5,,1,h,63000,360,EC+B+,100,,3990,40,64,88,Gd,31-Aug-2013,M. J. MARTIN,2026-09-18
368.66,0.21,0.02667,0.006354998347757456,,,,,,,,,,65,87,Tb,,0,,2-,17.5,,1,h,63000,360,EC+B+,100,,3990,40,64,88,Gd,31-Aug-2013,M. J. MARTIN,2026-09-18
381.7,0.3,0.005588,0.00139799743919651,,,,,,,,,,65,87,Tb,,0,,2-,17.5,,1,h,63000,360,EC+B+,100,,3990,40,64,88,Gd,31-Aug-2013,M. J. MARTIN,2026-09-18
385.5,0.3,0.012065,0.0038117051302533882,,,,,,,,,,65,87,Tb,,0,,2-,17.5,,1,h,63000,360,EC+B+,100,,3990,40,64,88,Gd,31-Aug-2013,M. J. MARTIN,2026-09-18
385.9,0.1,3.27,0.2,,1668.06,,1282.17,E2,,,0.0285,,65,87,Tb,,501.74,0.19,8+,4.2,,1,m,252,6,EC+B+,21.1,0.6,3990,40,64,88,Gd,31-Aug-2013,M. J. MARTIN,2026-09-18
387.8,0.07,0.37211,0.013177718163627571,,1318.355,,930.560,E0+M1+E2,,,0.038,,65,87,Tb,,0,,2-,17.5,,1,h,63000,360,EC+B+,100,,3990,40,64,88,Gd,31-Aug-2013,M. J. MARTIN,2026-09-18
390.82,0.15,0.0074295,0.0012085405620002995,,1941.17,,1550.15,,,,,,65,87,Tb,,0,,2-,17.5,,1,h,63000,360,EC+B+,100,,3990,40,64,88,Gd,31-Aug-2013,M. J. MARTIN,2026-09-18
396.4,0.3,0.13,0.03,,2394.11,,1997.79,[M1 E2],,,0.036,,65,87,Tb,,501.74,0.19,8+,4.2,,1,m,252,6,EC+B+,21.1,0.6,3990,40,64,88,Gd,31-Aug-2013,M. J. MARTIN,2026-09-18
407.12,0.21,0.01397,0.0019095677521365928,,2246.80,,1839.71,[M1 E2],,,0.034,,65,87,Tb,,0,,2-,17.5,,1,h,63000,360,EC+B+,100,,3990,40,64,88,Gd,31-Aug-2013,M. J. MARTIN,2026-09-18
411.1,0.1,18.1,1,,755.38,,344.27,E2,,,0.0238,,65,87,Tb,,501.74,0.19,8+,4.2,,1,m,252,6,EC+B+,21.1,0.6,3990,40,64,88,Gd,31-Aug-2013,M. J. MARTIN,2026-09-18
411.1165,0.0013,3.60045,0.09518702852805103,,755.3960,,344.2790,E2,,,0.0238,,65,87,Tb,,0,,2-,17.5,,1,h,63000,360,EC+B+,100,,3990,40,64,88,Gd,31-Aug-2013,M. J. MARTIN,2026-09-18
421.4,0.18,0.007747,0.0007655078314426312,,,,,,,,,,65,87,Tb,,0,,2-,17.5,,1,h,63000,360,EC+B+,100,,3990,40,64,88,Gd,31-Aug-2013,M. J. MARTIN,2026-09-18
427.6,0.2,0.93,0.06,,1861.51,,1433.95,E2,,,0.0213,,65,87,Tb,,501.74,0.19,8+,4.2,,1,m,252,6,EC+B+,21.1,0.6,3990,40,64,88,Gd,31-Aug-2013,M. J. MARTIN,2026-09-18
427.85,0.11,0.0200025,0.00134682710471686,,1861.89,,1434.021,[M1 E2],,,0.029,,65,87,Tb,,0,,2-,17.5,,1,h,63000,360,EC+B+,100,,3990,40,64,88,Gd,31-Aug-2013,M. J. MARTIN,2026-09-18
432.5,,,,,1047.78,,615.38,E0,,,,,65,87,Tb,,0,,2-,17.5,,1,h,63000,360,EC+B+,100,,3990,40,64,88,Gd,31-Aug-2013,M. J. MARTIN,2026-09-18
440.2,,0.36,0.18,,2301.72,,1861.51,[E2],,,0.0197,,65,87,Tb,,501.74,0.19,8+,4.2,,1,m,252,6,EC+B+,21.1,0.6,3990,40,64,88,Gd,31-Aug-2013,M. J. MARTIN,2026-09-18
440.8,,0.4,0.15,,1668.06,,1227.28,(M1+E2),,,0.027,,65,87,Tb,,501.74,0.19,8+,4.2,,1,m,252,6,EC+B+,21.1,0.6,3990,40,64,88,Gd,31-Aug-2013,M. J. MARTIN,2026-09-18
441.02,0.08,0.0454025,0.0012805011714168793,,1550.15,,1109.203,,,,,,65,87,Tb,,0,,2-,17.5,,1,h,63000,360,EC+B+,100,,3990,40,64,88,Gd,31-Aug-2013,M. J. MARTIN,2026-09-18
441.2,0.5,0.18,0.12,,1549.98,,1109.0,[E2],,,0.0195,,65,87,Tb,,501.74,0.19,8+,4.2,,1,m,252,6,EC+B+,21.1,0.6,3990,40,64,88,Gd,31-Aug-2013,M. J. MARTIN,2026-09-18
447.7,0.4,0.095,0.024,,1997.79,,1549.98,[E2],,,0.0188,,65,87,Tb,,501.74,0.19,8+,4.2,,1,m,252,6,EC+B+,21.1,0.6,3990,40,64,88,Gd,31-Aug-2013,M. J. MARTIN,2026-09-18
453.26,0.24,0.005588,0.001271097100932891,,,,,,,,,,65,87,Tb,,0,,2-,17.5,,1,h,63000,360,EC+B+,100,,3990,40,64,88,Gd,31-Aug-2013,M. J. MARTIN,2026-09-18
454.8,0.3,0.0050165,0.0011439824124522195,,2719.64,,2264.88,,,,,,65,87,Tb,,0,,2-,17.5,,1,h,63000,360,EC+B+,100,,3990,40,64,88,Gd,31-Aug-2013,M. J. MARTIN,2026-09-18
456.92,0.07,0.041275,0.0019445115067800447,,1771.58,,1314.64,[E1],,,0.00578,,65,87,Tb,,0,,2-,17.5,,1,h,63000,360,EC+B+,100,,3990,40,64,88,Gd,31-Aug-2013,M. J. MARTIN,2026-09-18
460.29,0.22,0.006096,0.0013347434247824562,,,,,,,,,,65,87,Tb,,0,,2-,17.5,,1,h,63000,360,EC+B+,100,,3990,40,64,88,Gd,31-Aug-2013,M. J. MARTIN,2026-09-18
465.68,0.1,0.0271145,0.0013578883201500777,,,,,,,,,,65,87,Tb,,0,,2-,17.5,,1,h,63000,360,EC+B+,100,,3990,40,64,88,Gd,31-Aug-2013,M. J. MARTIN,2026-09-18
470.7,0.5,0.48,0.18,,2138.7,,1668.06,E2,,,0.01638,,65,87,Tb,,501.74,0.19,8+,4.2,,1,m,252,6,EC+B+,21.1,0.6,3990,40,64,88,Gd,31-Aug-2013,M. J. MARTIN,2026-09-18
471.9,0.1,11.8,0.7,,1227.28,,755.38,E2,,,0.01627,,65,87,Tb,,501.74,0.19,8+,4.2,,1,m,252,6,EC+B+,21.1,0.6,3990,40,64,88,Gd,31-Aug-2013,M. J. MARTIN,2026-09-18
471.98,0.09,0.021463,0.0009118381654657805,,1227.36,,755.3960,E2,,,0.0163,,65,87,Tb,,0,,2-,17.5,,1,h,63000,360,EC+B+,100,,3990,40,64,88,Gd,31-Aug-2013,M. J. MARTIN,2026-09-18
482.34,0.09,0.058039,0.0015600650018508845,,1605.60,,1123.186,[E1],,,0.00511,,65,87,Tb,,0,,2-,17.5,,1,h,63000,360,EC+B+,100,,3990,40,64,88,Gd,31-Aug-2013,M. J. MARTIN,2026-09-18
489.59,0.13,0.02413,0.0019185955801054061,,1771.58,,1282.25,[E2],,,0.01475,,65,87,Tb,,0,,2-,17.5,,1,h,63000,360,EC+B+,100,,3990,40,64,88,Gd,31-Aug-2013,M. J. MARTIN,2026-09-18
490.66,0.09,0.05842,0.0019833630529986182,,1808.92,,1318.355,,,,,,65,87,Tb,,0,,2-,17.5,,1,h,63000,360,EC+B+,100,,3990,40,64,88,Gd,31-Aug-2013,M. J. MARTIN,2026-09-18
491.84,0.27,0.009525,0.0019071247992724545,,,,,,,,,,65,87,Tb,,0,,2-,17.5,,1,h,63000,360,EC+B+,100,,3990,40,64,88,Gd,31-Aug-2013,M. J. MARTIN,2026-09-18
493.81,0.07,0.141605,0.004038111439769834,,1109.203,,615.38,[E2],,,0.01442,,65,87,Tb,,0,,2-,17.5,,1,h,63000,360,EC+B+,100,,3990,40,64,88,Gd,31-Aug-2013,M. J. MARTIN,2026-09-18
496.37,0.07,0.14605,0.0034619394853174427,,1605.60,,1109.203,E0+M1+E2,,,0.074,,65,87,Tb,,0,,2-,17.5,,1,h,63000,360,EC+B+,100,,3990,40,64,88,Gd,31-Aug-2013,M. J. MARTIN,2026-09-18
500.23,0.12,0.006477,0.0010178415593794547,,3099.02,,2598.80,,,,,,65,87,Tb,,0,,2-,17.5,,1,h,63000,360,EC+B+,100,,3990,40,64,88,Gd,31-Aug-2013,M. J. MARTIN,2026-09-18
503.43,0.07,0.06477,0.002000892051061226,,1434.021,,930.560,[M1 E2],,,0.019,,65,87,Tb,,0,,2-,17.5,,1,h,63000,360,EC+B+,100,,3990,40,64,88,Gd,31-Aug-2013,M. J. MARTIN,2026-09-18
519.4,0.1,4.7,0.4,,1746.69,,1227.28,E2,,,0.01263,,65,87,Tb,,501.74,0.19,8+,4.2,,1,m,252,6,EC+B+,21.1,0.6,3990,40,64,88,Gd,31-Aug-2013,M. J. MARTIN,2026-09-18
520.3,0.08,0.061595,0.0026058250133115233,,1643.428,,1123.186,[M1 E2],,,0.018,,65,87,Tb,,0,,2-,17.5,,1,h,63000,360,EC+B+,100,,3990,40,64,88,Gd,31-Aug-2013,M. J. MARTIN,2026-09-18
522.03,0.18,0.009271,0.0012096759938099127,,,,,,,,,,65,87,Tb,,0,,2-,17.5,,1,h,63000,360,EC+B+,100,,3990,40,64,88,Gd,31-Aug-2013,M. J. MARTIN,2026-09-18
526.8,0.2,1.64,0.13,,1282.17,,755.38,M1+E2+E0,,,0.094,,65,87,Tb,,501.74,0.19,8+,4.2,,1,m,252,6,EC+B+,21.1,0.6,3990,40,64,88,Gd,31-Aug-2013,M. J. MARTIN,2026-09-18
526.85,0.09,0.26289,0.006231491073571397,,1282.25,,755.3960,E0+M1+E2,,,0.094,,65,87,Tb,,0,,2-,17.5,,1,h,63000,360,EC+B+,100,,3990,40,64,88,Gd,31-Aug-2013,M. J. MARTIN,2026-09-18
532.6,0.1,4.3,0.3,,2394.11,,1861.51,E2,,,0.01184,,65,87,Tb,,501.74,0.19,8+,4.2,,1,m,252,6,EC+B+,21.1,0.6,3990,40,64,88,Gd,31-Aug-2013,M. J. MARTIN,2026-09-18
534.21,0.09,0.0523875,0.0013630572255044907,,1643.428,,1109.203,[E1],,,0.00407,,65,87,Tb,,0,,2-,17.5,,1,h,63000,360,EC+B+,100,,3990,40,64,88,Gd,31-Aug-2013,M. J. MARTIN,2026-09-18
543.58,0.07,0.192405,0.004802410748780242,,1861.89,,1318.355,E0+M1+E2,,,0.016,,65,87,Tb,,0,,2-,17.5,,1,h,63000,360,EC+B+,100,,3990,40,64,88,Gd,31-Aug-2013,M. J. MARTIN,2026-09-18
547.47,0.07,0.070485,0.002018063675903216,,1862.06,,1314.64,[E1],,,0.00385,,65,87,Tb,,0,,2-,17.5,,1,h,63000,360,EC+B+,100,,3990,40,64,88,Gd,31-Aug-2013,M. J. MARTIN,2026-09-18
554.24,0.21,0.0108585,0.001021167351612849,,,,,,,,,,65,87,Tb,,0,,2-,17.5,,1,h,63000,360,EC+B+,100,,3990,40,64,88,Gd,31-Aug-2013,M. J. MARTIN,2026-09-18
557.43,,0.038735,0.0076287847000685504,,1839.71,,1282.25,(E2),,,0.01053,,65,87,Tb,,0,,2-,17.5,,1,h,63000,360,EC+B+,100,,3990,40,64,88,Gd,31-Aug-2013,M. J. MARTIN,2026-09-18
557.81,,0.07239,0.007018410147604655,,1605.60,,1047.78,[E2],,,0.01052,,65,87,Tb,,0,,2-,17.5,,1,h,63000,360,EC+B+,100,,3990,40,64,88,Gd,31-Aug-2013,M. J. MARTIN,2026-09-18
562.98,0.09,0.066675,0.002006470782244287,,1318.355,,755.3960,[E2],,,0.01027,,65,87,Tb,,0,,2-,17.5,,1,h,63000,360,EC+B+,100,,3990,40,64,88,Gd,31-Aug-2013,M. J. MARTIN,2026-09-18
569.04,0.2,0.007747,0.0010186335160399936,,,,,,,,,,65,87,Tb,,0,,2-,17.5,,1,h,63000,360,EC+B+,100,,3990,40,64,88,Gd,31-Aug-2013,M. J. MARTIN,2026-09-18
571.54,0.1,0.015748,0.0009640527423331153,,,,,,,,,,65,87,Tb,,0,,2-,17.5,,1,h,63000,360,EC+B+,100,,3990,40,64,88,Gd,31-Aug-2013,M. J. MARTIN,2026-09-18
575.4,0.14,0.0081915,0.0008291206245173256,,,,,,,,,,65,87,Tb,,0,,2-,17.5,,1,h,63000,360,EC+B+,100,,3990,40,64,88,Gd,31-Aug-2013,M. J. MARTIN,2026-09-18
577.57,0.09,0.017399,0.0009040732050005685,,2011.67,,1434.021,,,,,,65,87,Tb,,0,,2-,17.5,,1,h,63000,360,EC+B+,100,,3990,40,64,88,Gd,31-Aug-2013,M. J. MARTIN,2026-09-18
579.2,0.3,0.22,0.019,,1861.51,,1282.17,[M1 E2],,,0.014,,65,87,Tb,,501.74,0.19,8+,4.2,,1,m,252,6,EC+B+,21.1,0.6,3990,40,64,88,Gd,31-Aug-2013,M. J. MARTIN,2026-09-18
579.63,0.09,0.029845,0.0015498709623707387,,1861.89,,1282.25,[E2],,,0.00955,,65,87,Tb,,0,,2-,17.5,,1,h,63000,360,EC+B+,100,,3990,40,64,88,Gd,31-Aug-2013,M. J. MARTIN,2026-09-18
583,0.11,0.028575,0.0025543100829773977,,3112.53,,2529.43,,,,,,65,87,Tb,,0,,2-,17.5,,1,h,63000,360,EC+B+,100,,3990,40,64,88,Gd,31-Aug-2013,M. J. MARTIN,2026-09-18
586.2,0.2,1.37,0.12,,930.47,,344.27,E2+M1+E0,,,0.0242,,65,87,Tb,,501.74,0.19,8+,4.2,,1,m,252,6,EC+B+,21.1,0.6,3990,40,64,88,Gd,31-Aug-2013,M. J. MARTIN,2026-09-18
586.27,0.07,9.2075,0.20942600125103855,,930.560,,344.2790,E0+M1+E2,,,0.0236,,65,87,Tb,,0,,2-,17.5,,1,h,63000,360,EC+B+,100,,3990,40,64,88,Gd,31-Aug-2013,M. J. MARTIN,2026-09-18
595.83,0.11,0.01524,0.0019104347672715758,,,,,,,,,,65,87,Tb,,0,,2-,17.5,,1,h,63000,360,EC+B+,100,,3990,40,64,88,Gd,31-Aug-2013,M. J. MARTIN,2026-09-18
597.57,0.11,0.010668,0.000705735708321465,,1915.76,,1318.355,,,,,,65,87,Tb,,0,,2-,17.5,,1,h,63000,360,EC+B+,100,,3990,40,64,88,Gd,31-Aug-2013,M. J. MARTIN,2026-09-18
603.18,0.14,0.0111125,0.0007692002340093248,,1533.92,,930.560,,,,,,65,87,Tb,,0,,2-,17.5,,1,h,63000,360,EC+B+,100,,3990,40,64,88,Gd,31-Aug-2013,M. J. MARTIN,2026-09-18
615.6,,,,,615.38,,0,E0,,,,,65,87,Tb,,0,,2-,17.5,,1,h,63000,360,EC+B+,100,,3990,40,64,88,Gd,31-Aug-2013,M. J. MARTIN,2026-09-18
622.79,0.07,0.92075,0.020942600125103857,,1941.17,,1318.355,M1(+E2),0.02,3,0.011,,65,87,Tb,,0,,2-,17.5,,1,h,63000,360,EC+B+,100,,3990,40,64,88,Gd,31-Aug-2013,M. J. MARTIN,2026-09-18
633.6,0.09,0.0186055,0.0007202832012479536,,1915.76,,1282.25,,,,,,65,87,Tb,,0,,2-,17.5,,1,h,63000,360,EC+B+,100,,3990,40,64,88,Gd,31-Aug-2013,M. J. MARTIN,2026-09-18
634.2,0.2,0.94,0.08,,1861.51,,1227.28,[M1 E2],,,0.011,,65,87,Tb,,501.74,0.19,8+,4.2,,1,m,252,6,EC+B+,21.1,0.6,3990,40,64,88,Gd,31-Aug-2013,M. J. MARTIN,2026-09-18
638.35,0.1,0.0108585,0.0014007625637487604,,2964.30,,2325.68,,,,,,65,87,Tb,,0,,2-,17.5,,1,h,63000,360,EC+B+,100,,3990,40,64,88,Gd,31-Aug-2013,M. J. MARTIN,2026-09-18
641.2,0.07,0.059182,0.0015047636492153843,,2246.80,,1605.60,[M1 E2],,,0.010,,65,87,Tb,,0,,2-,17.5,,1,h,63000,360,EC+B+,100,,3990,40,64,88,Gd,31-Aug-2013,M. J. MARTIN,2026-09-18
645.83,0.14,0.6439535,0.00614920142457539,,,,,,,,,,65,87,Tb,,0,,2-,17.5,,1,h,63000,360,EC+B+,100,,3990,40,64,88,Gd,31-Aug-2013,M. J. MARTIN,2026-09-18
647.4,0.2,4.3,0.3,,2394.11,,1746.69,M1,,,0.01321,,65,87,Tb,,501.74,0.19,8+,4.2,,1,m,252,6,EC+B+,21.1,0.6,3990,40,64,88,Gd,31-Aug-2013,M. J. MARTIN,2026-09-18
648.31,0.07,0.10541,0.0027282991038374074,,1771.58,,1123.186,[E1],,,0.00268,,65,87,Tb,,0,,2-,17.5,,1,h,63000,360,EC+B+,100,,3990,40,64,88,Gd,31-Aug-2013,M. J. MARTIN,2026-09-18
651.06,0.19,0.0080645,0.0007658005223294119,,,,,,,,,,65,87,Tb,,0,,2-,17.5,,1,h,63000,360,EC+B+,100,,3990,40,64,88,Gd,31-Aug-2013,M. J. MARTIN,2026-09-18
652.9,0.3,0.34,0.03,,1880.2,,1227.28,E1,,,0.00264,,65,87,Tb,,501.74,0.19,8+,4.2,,1,m,252,6,EC+B+,21.1,0.6,3990,40,64,88,Gd,31-Aug-2013,M. J. MARTIN,2026-09-18
656.42,0.09,0.0340995,0.0015576870160593879,,2299.66,,1643.428,,,,,,65,87,Tb,,0,,2-,17.5,,1,h,63000,360,EC+B+,100,,3990,40,64,88,Gd,31-Aug-2013,M. J. MARTIN,2026-09-18
658.83,0.11,0.02667,0.0019215954308854921,,1274.26,,615.38,,,,,,65,87,Tb,,0,,2-,17.5,,1,h,63000,360,EC+B+,100,,3990,40,64,88,Gd,31-Aug-2013,M. J. MARTIN,2026-09-18
662.02,0.1,0.01651,0.0019113767289574287,,1785.21,,1123.186,[E1],,,0.00257,,65,87,Tb,,0,,2-,17.5,,1,h,63000,360,EC+B+,100,,3990,40,64,88,Gd,31-Aug-2013,M. J. MARTIN,2026-09-18
667.46,0.12,0.013843,0.0008357983548679669,,,,,,,,,,65,87,Tb,,0,,2-,17.5,,1,h,63000,360,EC+B+,100,,3990,40,64,88,Gd,31-Aug-2013,M. J. MARTIN,2026-09-18
675.01,0.07,0.530225,0.011900929585540787,,1605.60,,930.560,M1+E2,2.2,4,,,65,87,Tb,,0,,2-,17.5,,1,h,63000,360,EC+B+,100,,3990,40,64,88,Gd,31-Aug-2013,M. J. MARTIN,2026-09-18
678.6,0.3,0.19,0.024,,1433.95,,755.38,E2+M1,4.1,14,0.00680,,65,87,Tb,,501.74,0.19,8+,4.2,,1,m,252,6,EC+B+,21.1,0.6,3990,40,64,88,Gd,31-Aug-2013,M. J. MARTIN,2026-09-18
678.61,0.07,0.224155,0.005503846291458365,,1434.021,,755.3960,M1+E2,1.4,14,0.009,,65,87,Tb,,0,,2-,17.5,,1,h,63000,360,EC+B+,100,,3990,40,64,88,Gd,31-Aug-2013,M. J. MARTIN,2026-09-18
681.3,0.3,0.010795,0.003811365109773662,,,,,,,,,,65,87,Tb,,0,,2-,17.5,,1,h,63000,360,EC+B+,100,,3990,40,64,88,Gd,31-Aug-2013,M. J. MARTIN,2026-09-18
684.12,0.09,0.017145,0.001911875780483659,,2523.81,,1839.71,,,,,,65,87,Tb,,0,,2-,17.5,,1,h,63000,360,EC+B+,100,,3990,40,64,88,Gd,31-Aug-2013,M. J. MARTIN,2026-09-18
687.62,0.14,0.009525,0.00254159398803192,,1915.15,,1227.36,,,,,,65,87,Tb,,0,,2-,17.5,,1,h,63000,360,EC+B+,100,,3990,40,64,88,Gd,31-Aug-2013,M. J. MARTIN,2026-09-18
693.13,0.16,0.02667,0.0019215954308854921,,2011.67,,1318.355,,,,,,65,87,Tb,,0,,2-,17.5,,1,h,63000,360,EC+B+,100,,3990,40,64,88,Gd,31-Aug-2013,M. J. MARTIN,2026-09-18
697.2,0.16,0.01524,0.005082040535060696,,2011.67,,1314.64,,,,,,65,87,Tb,,0,,2-,17.5,,1,h,63000,360,EC+B+,100,,3990,40,64,88,Gd,31-Aug-2013,M. J. MARTIN,2026-09-18
699.25,0.1,0.08001,0.005764786292656476,,1314.638,,615.38,[E1],,,0.00229,,65,87,Tb,,0,,2-,17.5,,1,h,63000,360,EC+B+,100,,3990,40,64,88,Gd,31-Aug-2013,M. J. MARTIN,2026-09-18
702.98,,0.8509,0.03275216176071436,,1318.355,,615.38,E2,,,0.00599,,65,87,Tb,,0,,2-,17.5,,1,h,63000,360,EC+B+,100,,3990,40,64,88,Gd,31-Aug-2013,M. J. MARTIN,2026-09-18
703.49,0.07,1.50495,0.046669164337922314,,1047.78,,344.2790,E2,,,0.00598,,65,87,Tb,,0,,2-,17.5,,1,h,63000,360,EC+B+,100,,3990,40,64,88,Gd,31-Aug-2013,M. J. MARTIN,2026-09-18
708.98,0.08,0.036576,0.0013775563908602797,,2401.55,,1692.43,,,,,,65,87,Tb,,0,,2-,17.5,,1,h,63000,360,EC+B+,100,,3990,40,64,88,Gd,31-Aug-2013,M. J. MARTIN,2026-09-18
712.82,0.08,0.112395,0.003955242596857998,,1643.428,,930.560,[E1],,,0.00220,,65,87,Tb,,0,,2-,17.5,,1,h,63000,360,EC+B+,100,,3990,40,64,88,Gd,31-Aug-2013,M. J. MARTIN,2026-09-18
715,0.2,0.58,0.04,,1470.47,,755.38,[E1],,,0.00219,,65,87,Tb,,501.74,0.19,8+,4.2,,1,m,252,6,EC+B+,21.1,0.6,3990,40,64,88,Gd,31-Aug-2013,M. J. MARTIN,2026-09-18
715.19,0.08,0.050419,0.0013564132703567891,,1470.63,,755.3960,[E2],,,0.00576,,65,87,Tb,,0,,2-,17.5,,1,h,63000,360,EC+B+,100,,3990,40,64,88,Gd,31-Aug-2013,M. J. MARTIN,2026-09-18
722,0.12,0.0127,0.0008970624281509063,,2529.43,,1807.52,,,,,,65,87,Tb,,0,,2-,17.5,,1,h,63000,360,EC+B+,100,,3990,40,64,88,Gd,31-Aug-2013,M. J. MARTIN,2026-09-18
723.67,0.1,0.020447,0.0008478068706963868,,1771.58,,1047.78,[E2],,,0.00560,,65,87,Tb,,0,,2-,17.5,,1,h,63000,360,EC+B+,100,,3990,40,64,88,Gd,31-Aug-2013,M. J. MARTIN,2026-09-18
726,0.2,3.15,0.2,,2394.11,,1668.06,M1,,,0.00995,,65,87,Tb,,501.74,0.19,8+,4.2,,1,m,252,6,EC+B+,21.1,0.6,3990,40,64,88,Gd,31-Aug-2013,M. J. MARTIN,2026-09-18
730.95,0.11,0.029845,0.005721953250420698,,,,,,,,,,65,87,Tb,,0,,2-,17.5,,1,h,63000,360,EC+B+,100,,3990,40,64,88,Gd,31-Aug-2013,M. J. MARTIN,2026-09-18
738.69,0.09,0.21336,0.006060155196032524,,1861.89,,1123.186,[E1],,,0.00205,,65,87,Tb,,0,,2-,17.5,,1,h,63000,360,EC+B+,100,,3990,40,64,88,Gd,31-Aug-2013,M. J. MARTIN,2026-09-18
747.29,0.14,0.0099695,0.0007048233040982683,,2880.67,,2133.38,,,,,,65,87,Tb,,0,,2-,17.5,,1,h,63000,360,EC+B+,100,,3990,40,64,88,Gd,31-Aug-2013,M. J. MARTIN,2026-09-18
750.06,0.09,0.0125095,0.0012754886279383285,,1680.75,,930.560,,,,,,65,87,Tb,,0,,2-,17.5,,1,h,63000,360,EC+B+,100,,3990,40,64,88,Gd,31-Aug-2013,M. J. MARTIN,2026-09-18
752.59,0.09,0.03175,0.0025576551761330142,,1861.89,,1109.203,[M1 E2],,,0.0071,,65,87,Tb,,0,,2-,17.5,,1,h,63000,360,EC+B+,100,,3990,40,64,88,Gd,31-Aug-2013,M. J. MARTIN,2026-09-18
758.01,0.11,0.0229235,0.0015393152893413357,,,,,,,,,,65,87,Tb,,0,,2-,17.5,,1,h,63000,360,EC+B+,100,,3990,40,64,88,Gd,31-Aug-2013,M. J. MARTIN,2026-09-18
758.8,0.4,0.01778,0.0038137021383427418,,,,,,,,,,65,87,Tb,,0,,2-,17.5,,1,h,63000,360,EC+B+,100,,3990,40,64,88,Gd,31-Aug-2013,M. J. MARTIN,2026-09-18
764.6,0.4,0.012,0.012,,1109.0,,344.27,,,,,,65,87,Tb,,501.74,0.19,8+,4.2,,1,m,252,6,EC+B+,21.1,0.6,3990,40,64,88,Gd,31-Aug-2013,M. J. MARTIN,2026-09-18
764.89,0.07,2.7432,0.06858641556459996,,1109.203,,344.2790,M1+E2(+E0),,,0.0070,,65,87,Tb,,0,,2-,17.5,,1,h,63000,360,EC+B+,100,,3990,40,64,88,Gd,31-Aug-2013,M. J. MARTIN,2026-09-18
770.4,0.3,0.155,0.024,,1997.79,,1227.28,,,,,,65,87,Tb,,501.74,0.19,8+,4.2,,1,m,252,6,EC+B+,21.1,0.6,3990,40,64,88,Gd,31-Aug-2013,M. J. MARTIN,2026-09-18
778.9,0.3,0.07,0.05,,1123.2,,344.27,E1,,,0.00184,,65,87,Tb,,501.74,0.19,8+,4.2,,1,m,252,6,EC+B+,21.1,0.6,3990,40,64,88,Gd,31-Aug-2013,M. J. MARTIN,2026-09-18
778.9045,0.0024,5.5372,0.12570549868641387,,1123.186,,344.2790,E1,,,0.00184,,65,87,Tb,,0,,2-,17.5,,1,h,63000,360,EC+B+,100,,3990,40,64,88,Gd,31-Aug-2013,M. J. MARTIN,2026-09-18
787.18,0.12,0.0211455,0.0009732298238340212,,,,,,,,,,65,87,Tb,,0,,2-,17.5,,1,h,63000,360,EC+B+,100,,3990,40,64,88,Gd,31-Aug-2013,M. J. MARTIN,2026-09-18
788.88,0.1,0.0287655,0.0011748720100504565,,3236.96,,2448.01,,,,,,65,87,Tb,,0,,2-,17.5,,1,h,63000,360,EC+B+,100,,3990,40,64,88,Gd,31-Aug-2013,M. J. MARTIN,2026-09-18
792.56,0.11,0.0200025,0.0012839863706441746,,1915.76,,1123.186,,,,,,65,87,Tb,,0,,2-,17.5,,1,h,63000,360,EC+B+,100,,3990,40,64,88,Gd,31-Aug-2013,M. J. MARTIN,2026-09-18
794.3,0.3,0.18,0.03,,1549.98,,755.38,D(+Q),-0.4,10,0.0075,,65,87,Tb,,501.74,0.19,8+,4.2,,1,m,252,6,EC+B+,21.1,0.6,3990,40,64,88,Gd,31-Aug-2013,M. J. MARTIN,2026-09-18
794.73,0.07,0.17399,0.004739278531591069,,1550.15,,755.3960,D(+Q),-0.4,10,,,65,87,Tb,,0,,2-,17.5,,1,h,63000,360,EC+B+,100,,3990,40,64,88,Gd,31-Aug-2013,M. J. MARTIN,2026-09-18
805.84,0.09,0.020574,0.0009100067911834504,,3105.52,,2299.66,,,,,,65,87,Tb,,0,,2-,17.5,,1,h,63000,360,EC+B+,100,,3990,40,64,88,Gd,31-Aug-2013,M. J. MARTIN,2026-09-18
810.44,0.23,0.0098425,0.0011467772233524696,,3012.37,,2201.71,,,,,,65,87,Tb,,0,,2-,17.5,,1,h,63000,360,EC+B+,100,,3990,40,64,88,Gd,31-Aug-2013,M. J. MARTIN,2026-09-18
812.8,0.08,0.19939,0.005418104465585727,,2246.80,,1434.021,[M1 E2],,,0.0059,,65,87,Tb,,0,,2-,17.5,,1,h,63000,360,EC+B+,100,,3990,40,64,88,Gd,31-Aug-2013,M. J. MARTIN,2026-09-18
813.48,,0.010795,0.0050810239125593576,,2729.17,,1915.76,,,,,,65,87,Tb,,0,,2-,17.5,,1,h,63000,360,EC+B+,100,,3990,40,64,88,Gd,31-Aug-2013,M. J. MARTIN,2026-09-18
814.12,,0.02413,0.004450843627897974,,1861.89,,1047.78,[E2],,,0.00429,,65,87,Tb,,0,,2-,17.5,,1,h,63000,360,EC+B+,100,,3990,40,64,88,Gd,31-Aug-2013,M. J. MARTIN,2026-09-18
817.97,,0.09525,0.015900491344609448,,1941.17,,1123.186,[E1],,,0.001670,,65,87,Tb,,0,,2-,17.5,,1,h,63000,360,EC+B+,100,,3990,40,64,88,Gd,31-Aug-2013,M. J. MARTIN,2026-09-18
818.76,,0.00635,0.0025407085625864293,,2133.38,,1314.64,,,,,,65,87,Tb,,0,,2-,17.5,,1,h,63000,360,EC+B+,100,,3990,40,64,88,Gd,31-Aug-2013,M. J. MARTIN,2026-09-18
824.7,0.13,0.0107315,0.0007058216559443327,,,,,,,,,,65,87,Tb,,0,,2-,17.5,,1,h,63000,360,EC+B+,100,,3990,40,64,88,Gd,31-Aug-2013,M. J. MARTIN,2026-09-18
829.57,0.26,0.008255,0.002541197355578665,,2999.55,,2169.65,,,,,,65,87,Tb,,0,,2-,17.5,,1,h,63000,360,EC+B+,100,,3990,40,64,88,Gd,31-Aug-2013,M. J. MARTIN,2026-09-18
831.94,0.08,0.113665,0.0033517310452958484,,1941.17,,1109.203,[M1 E2],,,0.0056,,65,87,Tb,,0,,2-,17.5,,1,h,63000,360,EC+B+,100,,3990,40,64,88,Gd,31-Aug-2013,M. J. MARTIN,2026-09-18
834.73,0.18,0.0231775,0.0011014904675030102,,,,,,,,,,65,87,Tb,,0,,2-,17.5,,1,h,63000,360,EC+B+,100,,3990,40,64,88,Gd,31-Aug-2013,M. J. MARTIN,2026-09-18
837.08,0.11,0.0205105,0.0010967582641585154,,3006.78,,2169.65,,,,,,65,87,Tb,,0,,2-,17.5,,1,h,63000,360,EC+B+,100,,3990,40,64,88,Gd,31-Aug-2013,M. J. MARTIN,2026-09-18
839.6,0.4,0.013335,0.002543123276603004,,2121.05,,1282.25,,,,,,65,87,Tb,,0,,2-,17.5,,1,h,63000,360,EC+B+,100,,3990,40,64,88,Gd,31-Aug-2013,M. J. MARTIN,2026-09-18
841.1,0.09,0.04572,0.002576475111465275,,1771.58,,930.560,[M1 E2],,,0.0055,,65,87,Tb,,0,,2-,17.5,,1,h,63000,360,EC+B+,100,,3990,40,64,88,Gd,31-Aug-2013,M. J. MARTIN,2026-09-18
847.62,0.24,0.00889,0.0012727749211859888,,,,,,,,,,65,87,Tb,,0,,2-,17.5,,1,h,63000,360,EC+B+,100,,3990,40,64,88,Gd,31-Aug-2013,M. J. MARTIN,2026-09-18
850.5,0.3,0.029845,0.0025556063859679175,,1605.60,,755.3960,[E2],,,0.00389,,65,87,Tb,,0,,2-,17.5,,1,h,63000,360,EC+B+,100,,3990,40,64,88,Gd,31-Aug-2013,M. J. MARTIN,2026-09-18
852.1,0.5,0.02413,0.0050851139613581915,,,,,,,,,,65,87,Tb,,0,,2-,17.5,,1,h,63000,360,EC+B+,100,,3990,40,64,88,Gd,31-Aug-2013,M. J. MARTIN,2026-09-18
854.69,,0.026035,0.005085952811420885,,1785.21,,930.560,E0+M1+E2,,,0.0053,,65,87,Tb,,0,,2-,17.5,,1,h,63000,360,EC+B+,100,,3990,40,64,88,Gd,31-Aug-2013,M. J. MARTIN,2026-09-18
854.95,,0.01651,0.00444773661540339,,2169.65,,1314.64,,,,,,65,87,Tb,,0,,2-,17.5,,1,h,63000,360,EC+B+,100,,3990,40,64,88,Gd,31-Aug-2013,M. J. MARTIN,2026-09-18
855.24,,0.02286,0.004450245049432672,,1470.63,,615.38,[E2],,,0.00385,,65,87,Tb,,0,,2-,17.5,,1,h,63000,360,EC+B+,100,,3990,40,64,88,Gd,31-Aug-2013,M. J. MARTIN,2026-09-18
857.33,0.11,0.08001,0.005764786292656476,,2772.40,,1915.15,,,,,,65,87,Tb,,0,,2-,17.5,,1,h,63000,360,EC+B+,100,,3990,40,64,88,Gd,31-Aug-2013,M. J. MARTIN,2026-09-18
860.84,0.14,0.0103505,0.0010206962525648852,,2981.45,,2121.05,,,,,,65,87,Tb,,0,,2-,17.5,,1,h,63000,360,EC+B+,100,,3990,40,64,88,Gd,31-Aug-2013,M. J. MARTIN,2026-09-18
865.62,0.08,0.0382905,0.001566357315557341,,2299.66,,1434.021,,,,,,65,87,Tb,,0,,2-,17.5,,1,h,63000,360,EC+B+,100,,3990,40,64,88,Gd,31-Aug-2013,M. J. MARTIN,2026-09-18
868.94,0.11,0.0262255,0.000984205816889943,,2880.67,,2011.67,,,,,,65,87,Tb,,0,,2-,17.5,,1,h,63000,360,EC+B+,100,,3990,40,64,88,Gd,31-Aug-2013,M. J. MARTIN,2026-09-18
874.8,0.3,0.0042545,0.00127063607693155,,3140.21,,2264.88,,,,,,65,87,Tb,,0,,2-,17.5,,1,h,63000,360,EC+B+,100,,3990,40,64,88,Gd,31-Aug-2013,M. J. MARTIN,2026-09-18
874.85,0.26,0.0042545,0.00127063607693155,,,,,,,,,,65,87,Tb,,0,,2-,17.5,,1,h,63000,360,EC+B+,100,,3990,40,64,88,Gd,31-Aug-2013,M. J. MARTIN,2026-09-18
878.13,0.19,0.02413,0.0019185955801054061,,1808.92,,930.560,,,,,,65,87,Tb,,0,,2-,17.5,,1,h,63000,360,EC+B+,100,,3990,40,64,88,Gd,31-Aug-2013,M. J. MARTIN,2026-09-18
880.29,0.1,0.0412115,0.0013891920709534732,,2523.81,,1643.428,,,,,,65,87,Tb,,0,,2-,17.5,,1,h,63000,360,EC+B+,100,,3990,40,64,88,Gd,31-Aug-2013,M. J. MARTIN,2026-09-18
883.3,0.11,0.0133985,0.0012762944644555973,,,,,,,,,,65,87,Tb,,0,,2-,17.5,,1,h,63000,360,EC+B+,100,,3990,40,64,88,Gd,31-Aug-2013,M. J. MARTIN,2026-09-18
887.32,0.1,0.0327025,0.0012454409861571121,,3214,,2325.68,,,,,,65,87,Tb,,0,,2-,17.5,,1,h,63000,360,EC+B+,100,,3990,40,64,88,Gd,31-Aug-2013,M. J. MARTIN,2026-09-18
893.34,0.07,0.640715,0.014644901536029526,,1941.17,,1047.78,[E2],,,0.00350,,65,87,Tb,,0,,2-,17.5,,1,h,63000,360,EC+B+,100,,3990,40,64,88,Gd,31-Aug-2013,M. J. MARTIN,2026-09-18
902.46,0.08,0.142875,0.004042103412828524,,2011.67,,1109.203,,,,,,65,87,Tb,,0,,2-,17.5,,1,h,63000,360,EC+B+,100,,3990,40,64,88,Gd,31-Aug-2013,M. J. MARTIN,2026-09-18
909.15,0.07,0.123825,0.003985599076675927,,1839.71,,930.560,[M1 E2],,,0.0046,,65,87,Tb,,0,,2-,17.5,,1,h,63000,360,EC+B+,100,,3990,40,64,88,Gd,31-Aug-2013,M. J. MARTIN,2026-09-18
911.73,0.13,0.0123825,0.0007082310710495552,,3236.96,,2325.68,,,,,,65,87,Tb,,0,,2-,17.5,,1,h,63000,360,EC+B+,100,,3990,40,64,88,Gd,31-Aug-2013,M. J. MARTIN,2026-09-18
914.35,0.07,0.0520065,0.001601265112340864,,2557.87,,1643.428,,,,,,65,87,Tb,,0,,2-,17.5,,1,h,63000,360,EC+B+,100,,3990,40,64,88,Gd,31-Aug-2013,M. J. MARTIN,2026-09-18
919.2,0.09,0.0112395,0.0007693649589109189,,,,,,,,,,65,87,Tb,,0,,2-,17.5,,1,h,63000,360,EC+B+,100,,3990,40,64,88,Gd,31-Aug-2013,M. J. MARTIN,2026-09-18
923.98,0.15,0.010922,0.0011476494412493738,,,,,,,,,,65,87,Tb,,0,,2-,17.5,,1,h,63000,360,EC+B+,100,,3990,40,64,88,Gd,31-Aug-2013,M. J. MARTIN,2026-09-18
928.43,0.07,0.36068,0.00834738665691245,,2246.80,,1318.355,M1 E2,,,0.0043,,65,87,Tb,,0,,2-,17.5,,1,h,63000,360,EC+B+,100,,3990,40,64,88,Gd,31-Aug-2013,M. J. MARTIN,2026-09-18
930.4,0.3,0.27,0.03,,930.47,,0.0,(E2),,,0.00321,,65,87,Tb,,501.74,0.19,8+,4.2,,1,m,252,6,EC+B+,21.1,0.6,3990,40,64,88,Gd,31-Aug-2013,M. J. MARTIN,2026-09-18
930.58,0.07,1.46685,0.05265680962610629,,930.560,,0,(E2),,,0.00320,,65,87,Tb,,0,,2-,17.5,,1,h,63000,360,EC+B+,100,,3990,40,64,88,Gd,31-Aug-2013,M. J. MARTIN,2026-09-18
932.09,0.08,0.193675,0.0072207426903331765,,2246.80,,1314.64,[E1(+M2)],,,0.001297,,65,87,Tb,,0,,2-,17.5,,1,h,63000,360,EC+B+,100,,3990,40,64,88,Gd,31-Aug-2013,M. J. MARTIN,2026-09-18
937.04,0.09,0.16256,0.0065331306431143715,,1692.43,,755.3960,[M1 E2],,,0.0043,,65,87,Tb,,0,,2-,17.5,,1,h,63000,360,EC+B+,100,,3990,40,64,88,Gd,31-Aug-2013,M. J. MARTIN,2026-09-18
939.84,0.09,0.033655,0.0011864118172034532,,2258.14,,1318.355,,,,,,65,87,Tb,,0,,2-,17.5,,1,h,63000,360,EC+B+,100,,3990,40,64,88,Gd,31-Aug-2013,M. J. MARTIN,2026-09-18
945.26,0.13,0.0142875,0.001214029344785372,,,,,,,,,,65,87,Tb,,0,,2-,17.5,,1,h,63000,360,EC+B+,100,,3990,40,64,88,Gd,31-Aug-2013,M. J. MARTIN,2026-09-18
946,0.2,0.48,0.04,,2173.33,,1227.28,,,,,,65,87,Tb,,501.74,0.19,8+,4.2,,1,m,252,6,EC+B+,21.1,0.6,3990,40,64,88,Gd,31-Aug-2013,M. J. MARTIN,2026-09-18
947.1,0.3,0.0062865,0.0011445424238533057,,2264.88,,1318.355,,,,,,65,87,Tb,,0,,2-,17.5,,1,h,63000,360,EC+B+,100,,3990,40,64,88,Gd,31-Aug-2013,M. J. MARTIN,2026-09-18
950.34,0.16,0.0144145,0.0006494424069923367,,2264.88,,1314.64,,,,,,65,87,Tb,,0,,2-,17.5,,1,h,63000,360,EC+B+,100,,3990,40,64,88,Gd,31-Aug-2013,M. J. MARTIN,2026-09-18
953.07,0.09,0.0607695,0.001628582708983489,,2267.73,,1314.64,M1,,,0.00513,,65,87,Tb,,0,,2-,17.5,,1,h,63000,360,EC+B+,100,,3990,40,64,88,Gd,31-Aug-2013,M. J. MARTIN,2026-09-18
970.32,0.07,0.755015,0.017404297773825867,,1314.638,,344.2790,E1+M2,-0.021,12,0.001202,,65,87,Tb,,0,,2-,17.5,,1,h,63000,360,EC+B+,100,,3990,40,64,88,Gd,31-Aug-2013,M. J. MARTIN,2026-09-18
974.05,0.09,2.9972,0.0695289321074328,,1318.355,,344.2790,M1+E2,0.58,7,0.0041,,65,87,Tb,,0,,2-,17.5,,1,h,63000,360,EC+B+,100,,3990,40,64,88,Gd,31-Aug-2013,M. J. MARTIN,2026-09-18
979.04,0.12,0.026416,0.001544304425947164,,1734.44,,755.3960,,,,,,65,87,Tb,,0,,2-,17.5,,1,h,63000,360,EC+B+,100,,3990,40,64,88,Gd,31-Aug-2013,M. J. MARTIN,2026-09-18
981.18,0.24,0.006985,0.0025408573356251233,,,,,,,,,,65,87,Tb,,0,,2-,17.5,,1,h,63000,360,EC+B+,100,,3990,40,64,88,Gd,31-Aug-2013,M. J. MARTIN,2026-09-18
984.9,0.08,0.059055,0.0032236608072190227,,2299.66,,1314.64,,,,,,65,87,Tb,,0,,2-,17.5,,1,h,63000,360,EC+B+,100,,3990,40,64,88,Gd,31-Aug-2013,M. J. MARTIN,2026-09-18
990.19,0.07,0.71374,0.01608687542688138,,1605.60,,615.38,E2,,,0.00281,,65,87,Tb,,0,,2-,17.5,,1,h,63000,360,EC+B+,100,,3990,40,64,88,Gd,31-Aug-2013,M. J. MARTIN,2026-09-18
993.14,0.11,0.062865,0.002608531387581909,,2598.80,,1605.60,,,,,,65,87,Tb,,0,,2-,17.5,,1,h,63000,360,EC+B+,100,,3990,40,64,88,Gd,31-Aug-2013,M. J. MARTIN,2026-09-18
998.37,0.11,0.0130175,0.0007092469598101919,,2914.19,,1915.76,,,,,,65,87,Tb,,0,,2-,17.5,,1,h,63000,360,EC+B+,100,,3990,40,64,88,Gd,31-Aug-2013,M. J. MARTIN,2026-09-18
1000.41,0.2,0.007747,0.0007655078314426312,,3012.37,,2011.67,,,,,,65,87,Tb,,0,,2-,17.5,,1,h,63000,360,EC+B+,100,,3990,40,64,88,Gd,31-Aug-2013,M. J. MARTIN,2026-09-18
1004.2,0.3,0.0062865,0.0009543503601927335,,2920.10,,1915.76,,,,,,65,87,Tb,,0,,2-,17.5,,1,h,63000,360,EC+B+,100,,3990,40,64,88,Gd,31-Aug-2013,M. J. MARTIN,2026-09-18
1010.6,0.07,0.40132,0.009084288029339449,,1941.17,,930.560,M1(+E2+E0),,,0.0066,,65,87,Tb,,0,,2-,17.5,,1,h,63000,360,EC+B+,100,,3990,40,64,88,Gd,31-Aug-2013,M. J. MARTIN,2026-09-18
1016.6,0.09,0.07112,0.0020200517320108414,,2772.40,,1755.77,,,,,,65,87,Tb,,0,,2-,17.5,,1,h,63000,360,EC+B+,100,,3990,40,64,88,Gd,31-Aug-2013,M. J. MARTIN,2026-09-18
1022.73,0.11,0.0127635,0.0008342629141943204,,3143.97,,2121.05,,,,,,65,87,Tb,,0,,2-,17.5,,1,h,63000,360,EC+B+,100,,3990,40,64,88,Gd,31-Aug-2013,M. J. MARTIN,2026-09-18
1027.16,0.21,0.0106045,0.0012106536622833138,,2719.64,,1692.43,,,,,,65,87,Tb,,0,,2-,17.5,,1,h,63000,360,EC+B+,100,,3990,40,64,88,Gd,31-Aug-2013,M. J. MARTIN,2026-09-18
1030.71,0.11,0.019685,0.0025468011308305955,,,,,,,,,,65,87,Tb,,0,,2-,17.5,,1,h,63000,360,EC+B+,100,,3990,40,64,88,Gd,31-Aug-2013,M. J. MARTIN,2026-09-18
1036.74,0.07,0.10922,0.00274164622079509,,2729.17,,1692.43,,,,,,65,87,Tb,,0,,2-,17.5,,1,h,63000,360,EC+B+,100,,3990,40,64,88,Gd,31-Aug-2013,M. J. MARTIN,2026-09-18
1040.6,0.3,0.00635,0.0013348491487804905,,2267.73,,1227.36,,,,,,65,87,Tb,,0,,2-,17.5,,1,h,63000,360,EC+B+,100,,3990,40,64,88,Gd,31-Aug-2013,M. J. MARTIN,2026-09-18
1041,0.4,0.137,0.024,,,,,,,,,,65,87,Tb,,501.74,0.19,8+,4.2,,1,m,252,6,EC+B+,21.1,0.6,3990,40,64,88,Gd,31-Aug-2013,M. J. MARTIN,2026-09-18
1045.31,0.23,0.0071755,0.000954909990522667,,3214,,2169.65,,,,,,65,87,Tb,,0,,2-,17.5,,1,h,63000,360,EC+B+,100,,3990,40,64,88,Gd,31-Aug-2013,M. J. MARTIN,2026-09-18
1047.9,,,,,1047.78,,0,E0,,,,,65,87,Tb,,0,,2-,17.5,,1,h,63000,360,EC+B+,100,,3990,40,64,88,Gd,31-Aug-2013,M. J. MARTIN,2026-09-18
1047.9,,0.008255,0.000078,,2989.03,,1941.17,,,,,,65,87,Tb,,0,,2-,17.5,,1,h,63000,360,EC+B+,100,,3990,40,64,88,Gd,31-Aug-2013,M. J. MARTIN,2026-09-18
1052.15,0.07,0.117475,0.0027719487729754317,,1807.52,,755.3960,,,,,,65,87,Tb,,0,,2-,17.5,,1,h,63000,360,EC+B+,100,,3990,40,64,88,Gd,31-Aug-2013,M. J. MARTIN,2026-09-18
1052.2,0.4,0.07,0.04,,1807.6,,755.38,,,,,,65,87,Tb,,501.74,0.19,8+,4.2,,1,m,252,6,EC+B+,21.1,0.6,3990,40,64,88,Gd,31-Aug-2013,M. J. MARTIN,2026-09-18
1056.79,0.09,0.022606,0.0008526870527925236,,2749.23,,1692.43,,,,,,65,87,Tb,,0,,2-,17.5,,1,h,63000,360,EC+B+,100,,3990,40,64,88,Gd,31-Aug-2013,M. J. MARTIN,2026-09-18
1061.15,0.09,0.060325,0.001988447887172304,,,,,,,,,,65,87,Tb,,0,,2-,17.5,,1,h,63000,360,EC+B+,100,,3990,40,64,88,Gd,31-Aug-2013,M. J. MARTIN,2026-09-18
1061.6,,0.01016,0.000096,,,,,E0(+M1 E2),,,,,65,87,Tb,,0,,2-,17.5,,1,h,63000,360,EC+B+,100,,3990,40,64,88,Gd,31-Aug-2013,M. J. MARTIN,2026-09-18
1066.2,0.3,0.0108585,0.0008318515552669238,,2709.43,,1643.428,,,,,,65,87,Tb,,0,,2-,17.5,,1,h,63000,360,EC+B+,100,,3990,40,64,88,Gd,31-Aug-2013,M. J. MARTIN,2026-09-18
1069.15,0.09,0.060325,0.001988447887172304,,,,,,,,,,65,87,Tb,,0,,2-,17.5,,1,h,63000,360,EC+B+,100,,3990,40,64,88,Gd,31-Aug-2013,M. J. MARTIN,2026-09-18
1072.16,0.15,0.019685,0.0025468011308305955,,2386.95,,1314.64,,,,,,65,87,Tb,,0,,2-,17.5,,1,h,63000,360,EC+B+,100,,3990,40,64,88,Gd,31-Aug-2013,M. J. MARTIN,2026-09-18
1074.5,0.2,0.66,0.05,,2301.72,,1227.28,,,,,,65,87,Tb,,501.74,0.19,8+,4.2,,1,m,252,6,EC+B+,21.1,0.6,3990,40,64,88,Gd,31-Aug-2013,M. J. MARTIN,2026-09-18
1075.87,0.09,0.031115,0.0038213264712662278,,3340.65,,2264.88,,,,,,65,87,Tb,,0,,2-,17.5,,1,h,63000,360,EC+B+,100,,3990,40,64,88,Gd,31-Aug-2013,M. J. MARTIN,2026-09-18
1083.14,,0.03302,0.007626384726723404,,2401.55,,1318.355,,,,,,65,87,Tb,,0,,2-,17.5,,1,h,63000,360,EC+B+,100,,3990,40,64,88,Gd,31-Aug-2013,M. J. MARTIN,2026-09-18
1084.31,,0.04445,0.010168677396790598,,1839.71,,755.3960,[E2],,,0.00233,,65,87,Tb,,0,,2-,17.5,,1,h,63000,360,EC+B+,100,,3990,40,64,88,Gd,31-Aug-2013,M. J. MARTIN,2026-09-18
1085.68,0.11,0.136525,0.004628404152621074,,2729.17,,1643.428,D+Q,-0.18,14,,,65,87,Tb,,0,,2-,17.5,,1,h,63000,360,EC+B+,100,,3990,40,64,88,Gd,31-Aug-2013,M. J. MARTIN,2026-09-18
1087.12,0.1,0.131445,0.005229623695831278,,2401.55,,1314.64,,,,,,65,87,Tb,,0,,2-,17.5,,1,h,63000,360,EC+B+,100,,3990,40,64,88,Gd,31-Aug-2013,M. J. MARTIN,2026-09-18
1089.7,0.2,0.67,0.05,,1433.95,,344.27,E2+M1,22,10,0.00231,,65,87,Tb,,501.74,0.19,8+,4.2,,1,m,252,6,EC+B+,21.1,0.6,3990,40,64,88,Gd,31-Aug-2013,M. J. MARTIN,2026-09-18
1089.737,0.005,0.9017,0.020868466642281123,,1434.021,,344.2790,E2(+M1),22,10,,,65,87,Tb,,0,,2-,17.5,,1,h,63000,360,EC+B+,100,,3990,40,64,88,Gd,31-Aug-2013,M. J. MARTIN,2026-09-18
1092.26,0.14,0.03429,0.001932356333598956,,2201.71,,1109.203,,,,,,65,87,Tb,,0,,2-,17.5,,1,h,63000,360,EC+B+,100,,3990,40,64,88,Gd,31-Aug-2013,M. J. MARTIN,2026-09-18
1096.6,0.19,0.019685,0.0019140587765269904,,3012.37,,1915.76,,,,,,65,87,Tb,,0,,2-,17.5,,1,h,63000,360,EC+B+,100,,3990,40,64,88,Gd,31-Aug-2013,M. J. MARTIN,2026-09-18
1098.3,0.3,0.01143,0.0019080589613531338,,,,,,,,,,65,87,Tb,,0,,2-,17.5,,1,h,63000,360,EC+B+,100,,3990,40,64,88,Gd,31-Aug-2013,M. J. MARTIN,2026-09-18
1106.2,0.2,2.8,0.2,,1861.51,,755.38,E2,,,0.00223,,65,87,Tb,,501.74,0.19,8+,4.2,,1,m,252,6,EC+B+,21.1,0.6,3990,40,64,88,Gd,31-Aug-2013,M. J. MARTIN,2026-09-18
1106.59,0.08,0.38481,0.01199439018875074,,1862.06,,755.3960,[E2],,,0.00223,,65,87,Tb,,0,,2-,17.5,,1,h,63000,360,EC+B+,100,,3990,40,64,88,Gd,31-Aug-2013,M. J. MARTIN,2026-09-18
1109.2,0.07,2.54635,0.06200811317884136,,1109.203,,0,(E2),,,0.00222,,65,87,Tb,,0,,2-,17.5,,1,h,63000,360,EC+B+,100,,3990,40,64,88,Gd,31-Aug-2013,M. J. MARTIN,2026-09-18
1109.3,0.4,0.03,0.024,,1109.0,,0.0,E2,,,0.00222,,65,87,Tb,,501.74,0.19,8+,4.2,,1,m,252,6,EC+B+,21.1,0.6,3990,40,64,88,Gd,31-Aug-2013,M. J. MARTIN,2026-09-18
1117.15,0.11,0.0234315,0.000916154441128787,,2551.14,,1434.021,,,,,,65,87,Tb,,0,,2-,17.5,,1,h,63000,360,EC+B+,100,,3990,40,64,88,Gd,31-Aug-2013,M. J. MARTIN,2026-09-18
1119.42,0.17,0.0104775,0.0009576310615263062,,,,,,,,,,65,87,Tb,,0,,2-,17.5,,1,h,63000,360,EC+B+,100,,3990,40,64,88,Gd,31-Aug-2013,M. J. MARTIN,2026-09-18
1128.65,0.1,0.027305,0.003185465272138436,,2772.40,,1643.428,,,,,,65,87,Tb,,0,,2-,17.5,,1,h,63000,360,EC+B+,100,,3990,40,64,88,Gd,31-Aug-2013,M. J. MARTIN,2026-09-18
1130.98,0.07,0.141605,0.003445412747407776,,,,,,,,,,65,87,Tb,,0,,2-,17.5,,1,h,63000,360,EC+B+,100,,3990,40,64,88,Gd,31-Aug-2013,M. J. MARTIN,2026-09-18
1137.56,0.07,0.85725,0.02070054347112655,,2246.80,,1109.203,M1+E2,,,,,65,87,Tb,,0,,2-,17.5,,1,h,63000,360,EC+B+,100,,3990,40,64,88,Gd,31-Aug-2013,M. J. MARTIN,2026-09-18
1141.68,0.1,0.0332105,0.001555971220813547,,2264.88,,1123.186,,,,,,65,87,Tb,,0,,2-,17.5,,1,h,63000,360,EC+B+,100,,3990,40,64,88,Gd,31-Aug-2013,M. J. MARTIN,2026-09-18
1144.94,0.16,0.015113,0.001278003067288964,,,,,,,,,,65,87,Tb,,0,,2-,17.5,,1,h,63000,360,EC+B+,100,,3990,40,64,88,Gd,31-Aug-2013,M. J. MARTIN,2026-09-18
1148.99,0.1,0.042545,0.0019469537744897798,,2258.14,,1109.203,,,,,,65,87,Tb,,0,,2-,17.5,,1,h,63000,360,EC+B+,100,,3990,40,64,88,Gd,31-Aug-2013,M. J. MARTIN,2026-09-18
1155.48,0.13,0.020955,0.0025477056344876264,,2964.30,,1808.92,,,,,,65,87,Tb,,0,,2-,17.5,,1,h,63000,360,EC+B+,100,,3990,40,64,88,Gd,31-Aug-2013,M. J. MARTIN,2026-09-18
1157.18,0.16,0.01524,0.0025440786151375116,,,,,,,,,,65,87,Tb,,0,,2-,17.5,,1,h,63000,360,EC+B+,100,,3990,40,64,88,Gd,31-Aug-2013,M. J. MARTIN,2026-09-18
1159.82,0.07,0.260985,0.0068120229007248645,,1915.15,,755.3960,,,,,,65,87,Tb,,0,,2-,17.5,,1,h,63000,360,EC+B+,100,,3990,40,64,88,Gd,31-Aug-2013,M. J. MARTIN,2026-09-18
1164.17,0.19,0.0236855,0.0012270813705700205,,,,,,,,,,65,87,Tb,,0,,2-,17.5,,1,h,63000,360,EC+B+,100,,3990,40,64,88,Gd,31-Aug-2013,M. J. MARTIN,2026-09-18
1166.9,0.2,3.7,0.3,,2394.11,,1227.28,M1,,,0.00317,,65,87,Tb,,501.74,0.19,8+,4.2,,1,m,252,6,EC+B+,21.1,0.6,3990,40,64,88,Gd,31-Aug-2013,M. J. MARTIN,2026-09-18
1167,0.3,0.012065,0.0025425569806790957,,3006.78,,1839.71,,,,,,65,87,Tb,,0,,2-,17.5,,1,h,63000,360,EC+B+,100,,3990,40,64,88,Gd,31-Aug-2013,M. J. MARTIN,2026-09-18
1171.2,0.3,0.037465,0.0069939646124354965,,3112.53,,1941.17,,,,,,65,87,Tb,,0,,2-,17.5,,1,h,63000,360,EC+B+,100,,3990,40,64,88,Gd,31-Aug-2013,M. J. MARTIN,2026-09-18
1173.4,0.6,0.00889,0.0019068510691713709,,,,,,,,,,65,87,Tb,,0,,2-,17.5,,1,h,63000,360,EC+B+,100,,3990,40,64,88,Gd,31-Aug-2013,M. J. MARTIN,2026-09-18
1176.53,0.09,0.027432,0.0011101823679017786,,2299.66,,1123.186,,,,,,65,87,Tb,,0,,2-,17.5,,1,h,63000,360,EC+B+,100,,3990,40,64,88,Gd,31-Aug-2013,M. J. MARTIN,2026-09-18
1185.73,0.07,0.213995,0.005467621420691085,,1941.17,,755.3960,(E2),,,0.00195,,65,87,Tb,,0,,2-,17.5,,1,h,63000,360,EC+B+,100,,3990,40,64,88,Gd,31-Aug-2013,M. J. MARTIN,2026-09-18
1188.37,0.11,0.035687,0.0014989209752351857,,2880.67,,1692.43,,,,,,65,87,Tb,,0,,2-,17.5,,1,h,63000,360,EC+B+,100,,3990,40,64,88,Gd,31-Aug-2013,M. J. MARTIN,2026-09-18
1190.44,0.07,0.38354,0.008437877458223721,,2299.66,,1109.203,,,,,,65,87,Tb,,0,,2-,17.5,,1,h,63000,360,EC+B+,100,,3990,40,64,88,Gd,31-Aug-2013,M. J. MARTIN,2026-09-18
1193.2,0.21,0.014605,0.001909991884799514,,,,,,,,,,65,87,Tb,,0,,2-,17.5,,1,h,63000,360,EC+B+,100,,3990,40,64,88,Gd,31-Aug-2013,M. J. MARTIN,2026-09-18
1198.97,0.11,0.02286,0.0019172065616411811,,3140.21,,1941.17,,,,,,65,87,Tb,,0,,2-,17.5,,1,h,63000,360,EC+B+,100,,3990,40,64,88,Gd,31-Aug-2013,M. J. MARTIN,2026-09-18
1202.64,,0.02921,0.006355995280048593,,2325.68,,1123.186,,,,,,65,87,Tb,,0,,2-,17.5,,1,h,63000,360,EC+B+,100,,3990,40,64,88,Gd,31-Aug-2013,M. J. MARTIN,2026-09-18
1202.84,,0.027305,0.007624366465484198,,2133.38,,930.560,,,,,,65,87,Tb,,0,,2-,17.5,,1,h,63000,360,EC+B+,100,,3990,40,64,88,Gd,31-Aug-2013,M. J. MARTIN,2026-09-18
1205.83,0.11,0.11176,0.004568715464985755,,1550.15,,344.2790,(E2),,,0.00188,,65,87,Tb,,0,,2-,17.5,,1,h,63000,360,EC+B+,100,,3990,40,64,88,Gd,31-Aug-2013,M. J. MARTIN,2026-09-18
1205.9,0.5,0.06,0.024,,1549.98,,344.27,,,,,,65,87,Tb,,501.74,0.19,8+,4.2,,1,m,252,6,EC+B+,21.1,0.6,3990,40,64,88,Gd,31-Aug-2013,M. J. MARTIN,2026-09-18
1209.03,0.09,0.287655,0.006907244313038304,,2523.81,,1314.64,E1+M2,0.06,4,0.00085,,65,87,Tb,,0,,2-,17.5,,1,h,63000,360,EC+B+,100,,3990,40,64,88,Gd,31-Aug-2013,M. J. MARTIN,2026-09-18
1215.2,0.11,0.010541,0.0011473313209356747,,2749.23,,1533.92,,,,,,65,87,Tb,,0,,2-,17.5,,1,h,63000,360,EC+B+,100,,3990,40,64,88,Gd,31-Aug-2013,M. J. MARTIN,2026-09-18
1218.64,0.11,0.0220345,0.0008513503920243415,,,,,,,,,,65,87,Tb,,0,,2-,17.5,,1,h,63000,360,EC+B+,100,,3990,40,64,88,Gd,31-Aug-2013,M. J. MARTIN,2026-09-18
1221.95,0.12,0.021082,0.0014111306247119718,,2540.45,,1318.355,,,,,,65,87,Tb,,0,,2-,17.5,,1,h,63000,360,EC+B+,100,,3990,40,64,88,Gd,31-Aug-2013,M. J. MARTIN,2026-09-18
1225.86,0.1,0.01397,0.0011505968016642493,,,,,,,,,,65,87,Tb,,0,,2-,17.5,,1,h,63000,360,EC+B+,100,,3990,40,64,88,Gd,31-Aug-2013,M. J. MARTIN,2026-09-18
1235.57,0.1,0.0460375,0.0016460198206583053,,2927.86,,1692.43,,,,,,65,87,Tb,,0,,2-,17.5,,1,h,63000,360,EC+B+,100,,3990,40,64,88,Gd,31-Aug-2013,M. J. MARTIN,2026-09-18
1237.2,0.11,0.022225,0.0019165398508770957,,,,,,,,,,65,87,Tb,,0,,2-,17.5,,1,h,63000,360,EC+B+,100,,3990,40,64,88,Gd,31-Aug-2013,M. J. MARTIN,2026-09-18
1239.51,0.11,0.0213995,0.001348742781259644,,,,,,,,,,65,87,Tb,,0,,2-,17.5,,1,h,63000,360,EC+B+,100,,3990,40,64,88,Gd,31-Aug-2013,M. J. MARTIN,2026-09-18
1242.6,0.4,0.101,0.018,,1997.79,,755.38,,,,,,65,87,Tb,,501.74,0.19,8+,4.2,,1,m,252,6,EC+B+,21.1,0.6,3990,40,64,88,Gd,31-Aug-2013,M. J. MARTIN,2026-09-18
1247.07,0.07,0.132715,0.004011061704835766,,2529.43,,1282.25,,,,,,65,87,Tb,,0,,2-,17.5,,1,h,63000,360,EC+B+,100,,3990,40,64,88,Gd,31-Aug-2013,M. J. MARTIN,2026-09-18
1250.7,0.4,0.006985,0.001906142964208089,,,,,,,,,,65,87,Tb,,0,,2-,17.5,,1,h,63000,360,EC+B+,100,,3990,40,64,88,Gd,31-Aug-2013,M. J. MARTIN,2026-09-18
1253.48,0.09,0.021844,0.0011614860997876816,,3009.23,,1755.77,,,,,,65,87,Tb,,0,,2-,17.5,,1,h,63000,360,EC+B+,100,,3990,40,64,88,Gd,31-Aug-2013,M. J. MARTIN,2026-09-18
1258.45,0.1,0.047625,0.001957428159601266,,2729.17,,1470.63,,,,,,65,87,Tb,,0,,2-,17.5,,1,h,63000,360,EC+B+,100,,3990,40,64,88,Gd,31-Aug-2013,M. J. MARTIN,2026-09-18
1261.32,0.08,0.9017,0.020868466642281123,,1605.60,,344.2790,M1,,,0.00265,,65,87,Tb,,0,,2-,17.5,,1,h,63000,360,EC+B+,100,,3990,40,64,88,Gd,31-Aug-2013,M. J. MARTIN,2026-09-18
1263.84,0.11,0.06985,0.002624347537960626,,2386.95,,1123.186,,,,,,65,87,Tb,,0,,2-,17.5,,1,h,63000,360,EC+B+,100,,3990,40,64,88,Gd,31-Aug-2013,M. J. MARTIN,2026-09-18
1275.04,0.07,0.098425,0.002704902955745363,,2880.67,,1605.60,,,,,,65,87,Tb,,0,,2-,17.5,,1,h,63000,360,EC+B+,100,,3990,40,64,88,Gd,31-Aug-2013,M. J. MARTIN,2026-09-18
1278.33,0.09,0.026035,0.0038179334724429133,,,,,,,,,,65,87,Tb,,0,,2-,17.5,,1,h,63000,360,EC+B+,100,,3990,40,64,88,Gd,31-Aug-2013,M. J. MARTIN,2026-09-18
1284.42,0.09,0.080645,0.002051747791518246,,2927.86,,1643.428,,,,,,65,87,Tb,,0,,2-,17.5,,1,h,63000,360,EC+B+,100,,3990,40,64,88,Gd,31-Aug-2013,M. J. MARTIN,2026-09-18
1289.64,0.09,0.030099,0.0009940521163399835,,2604.34,,1314.64,,,,,,65,87,Tb,,0,,2-,17.5,,1,h,63000,360,EC+B+,100,,3990,40,64,88,Gd,31-Aug-2013,M. J. MARTIN,2026-09-18
1299.14,0.009,2.06375,0.04853918520123716,,1643.428,,344.2790,E1,,,0.000779,,65,87,Tb,,0,,2-,17.5,,1,h,63000,360,EC+B+,100,,3990,40,64,88,Gd,31-Aug-2013,M. J. MARTIN,2026-09-18
1308.07,0.16,0.009525,0.0008935440671841541,,,,,,,,,,65,87,Tb,,0,,2-,17.5,,1,h,63000,360,EC+B+,100,,3990,40,64,88,Gd,31-Aug-2013,M. J. MARTIN,2026-09-18
1314.26,,0.2286,0.03182338919725553,,2437.43,,1123.186,E1,,,0.000773,,65,87,Tb,,0,,2-,17.5,,1,h,63000,360,EC+B+,100,,3990,40,64,88,Gd,31-Aug-2013,M. J. MARTIN,2026-09-18
1314.64,,1.1811,0.04582955487455666,,1314.638,,0,E1,,,0.000773,,65,87,Tb,,0,,2-,17.5,,1,h,63000,360,EC+B+,100,,3990,40,64,88,Gd,31-Aug-2013,M. J. MARTIN,2026-09-18
1316.32,0.12,0.19685,0.015353084380670875,,2246.80,,930.560,(M1 E2),,,0.0020,,65,87,Tb,,0,,2-,17.5,,1,h,63000,360,EC+B+,100,,3990,40,64,88,Gd,31-Aug-2013,M. J. MARTIN,2026-09-18
1318.24,0.13,0.2667,0.011085234548713888,,1318.355,,0,[E2],,,0.001597,,65,87,Tb,,0,,2-,17.5,,1,h,63000,360,EC+B+,100,,3990,40,64,88,Gd,31-Aug-2013,M. J. MARTIN,2026-09-18
1325.86,0.07,0.7874,0.020451310471458792,,1941.17,,615.38,E2,,,0.001581,,65,87,Tb,,0,,2-,17.5,,1,h,63000,360,EC+B+,100,,3990,40,64,88,Gd,31-Aug-2013,M. J. MARTIN,2026-09-18
1336.54,0.08,0.12446,0.0027990312609901306,,1680.75,,344.2790,,,,,,65,87,Tb,,0,,2-,17.5,,1,h,63000,360,EC+B+,100,,3990,40,64,88,Gd,31-Aug-2013,M. J. MARTIN,2026-09-18
1338.5,0.4,0.012065,0.0019084079752505752,,2772.40,,1434.021,,,,,,65,87,Tb,,0,,2-,17.5,,1,h,63000,360,EC+B+,100,,3990,40,64,88,Gd,31-Aug-2013,M. J. MARTIN,2026-09-18
1342,,,,,3285.17,,1941.17,E0,,,0.00231,,65,87,Tb,,0,,2-,17.5,,1,h,63000,360,EC+B+,100,,3990,40,64,88,Gd,31-Aug-2013,M. J. MARTIN,2026-09-18
1348.15,0.09,0.8509,0.020677139550721226,,1692.43,,344.2790,M1+E2,1.9,GT,0.00162,,65,87,Tb,,0,,2-,17.5,,1,h,63000,360,EC+B+,100,,3990,40,64,88,Gd,31-Aug-2013,M. J. MARTIN,2026-09-18
1352.98,0.11,0.02921,0.0031869736428153904,,2667.56,,1314.64,E0+M1+E2,,,0.022,,65,87,Tb,,0,,2-,17.5,,1,h,63000,360,EC+B+,100,,3990,40,64,88,Gd,31-Aug-2013,M. J. MARTIN,2026-09-18
1360.43,0.11,0.0294005,0.0013621288815673794,,1975.72,,615.38,,,,,,65,87,Tb,,0,,2-,17.5,,1,h,63000,360,EC+B+,100,,3990,40,64,88,Gd,31-Aug-2013,M. J. MARTIN,2026-09-18
1363.39,0.14,0.0260985,0.0016065390782673168,,3006.78,,1643.428,,,,,,65,87,Tb,,0,,2-,17.5,,1,h,63000,360,EC+B+,100,,3990,40,64,88,Gd,31-Aug-2013,M. J. MARTIN,2026-09-18
1365.69,0.08,0.08636,0.0020724094672626837,,2121.05,,755.3960,,,,,,65,87,Tb,,0,,2-,17.5,,1,h,63000,360,EC+B+,100,,3990,40,64,88,Gd,31-Aug-2013,M. J. MARTIN,2026-09-18
1369.04,0.09,0.127,0.0033942046196421332,,2299.66,,930.560,,,,,,65,87,Tb,,0,,2-,17.5,,1,h,63000,360,EC+B+,100,,3990,40,64,88,Gd,31-Aug-2013,M. J. MARTIN,2026-09-18
1372.04,0.09,0.0490855,0.0015323742003831831,,2495.18,,1123.186,,,,,,65,87,Tb,,0,,2-,17.5,,1,h,63000,360,EC+B+,100,,3990,40,64,88,Gd,31-Aug-2013,M. J. MARTIN,2026-09-18
1375.76,0.21,0.005842,0.0013346420081804709,,,,,,,,,,65,87,Tb,,0,,2-,17.5,,1,h,63000,360,EC+B+,100,,3990,40,64,88,Gd,31-Aug-2013,M. J. MARTIN,2026-09-18
1383.5,,,,,,,,E0(+M1 E2),,,,,65,87,Tb,,0,,2-,17.5,,1,h,63000,360,EC+B+,100,,3990,40,64,88,Gd,31-Aug-2013,M. J. MARTIN,2026-09-18
1393.86,0.09,0.046101,0.0012827274106371937,,2999.55,,1605.60,,,,,,65,87,Tb,,0,,2-,17.5,,1,h,63000,360,EC+B+,100,,3990,40,64,88,Gd,31-Aug-2013,M. J. MARTIN,2026-09-18
1400.62,,0.09779,0.008306551691285621,,2523.81,,1123.186,,,,,,65,87,Tb,,0,,2-,17.5,,1,h,63000,360,EC+B+,100,,3990,40,64,88,Gd,31-Aug-2013,M. J. MARTIN,2026-09-18
1401.32,,0.05715,0.005108620165954795,,2719.64,,1318.355,,,,,,65,87,Tb,,0,,2-,17.5,,1,h,63000,360,EC+B+,100,,3990,40,64,88,Gd,31-Aug-2013,M. J. MARTIN,2026-09-18
1406.16,0.08,0.1016,0.002715363695713707,,2529.43,,1123.186,,,,,,65,87,Tb,,0,,2-,17.5,,1,h,63000,360,EC+B+,100,,3990,40,64,88,Gd,31-Aug-2013,M. J. MARTIN,2026-09-18
1410.29,0.13,0.07366,0.010183811467225815,,,,,,,,,,65,87,Tb,,0,,2-,17.5,,1,h,63000,360,EC+B+,100,,3990,40,64,88,Gd,31-Aug-2013,M. J. MARTIN,2026-09-18
1410.82,,0.20955,0.012853419778409168,,2729.17,,1318.355,M1+E2,4.3,11,0.00146,,65,87,Tb,,0,,2-,17.5,,1,h,63000,360,EC+B+,100,,3990,40,64,88,Gd,31-Aug-2013,M. J. MARTIN,2026-09-18
1411.48,,0.4318,0.025725598146593212,,1755.77,,344.2790,E1,,,0.000754,,65,87,Tb,,0,,2-,17.5,,1,h,63000,360,EC+B+,100,,3990,40,64,88,Gd,31-Aug-2013,M. J. MARTIN,2026-09-18
1414.4,0.14,0.0375285,0.0013798418061502558,,2964.30,,1550.15,,,,,,65,87,Tb,,0,,2-,17.5,,1,h,63000,360,EC+B+,100,,3990,40,64,88,Gd,31-Aug-2013,M. J. MARTIN,2026-09-18
1417.18,0.15,0.0198755,0.0010332109368371978,,2540.45,,1123.186,,,,,,65,87,Tb,,0,,2-,17.5,,1,h,63000,360,EC+B+,100,,3990,40,64,88,Gd,31-Aug-2013,M. J. MARTIN,2026-09-18
1420.76,0.08,0.0548005,0.0016095629344638873,,2544.02,,1123.186,,,,,,65,87,Tb,,0,,2-,17.5,,1,h,63000,360,EC+B+,100,,3990,40,64,88,Gd,31-Aug-2013,M. J. MARTIN,2026-09-18
1424.76,0.19,0.012192,0.0011487906858953898,,3340.65,,1915.76,,,,,,65,87,Tb,,0,,2-,17.5,,1,h,63000,360,EC+B+,100,,3990,40,64,88,Gd,31-Aug-2013,M. J. MARTIN,2026-09-18
1427.32,0.07,0.104775,0.0027261144510089814,,1771.58,,344.2790,[M1 E2],,,0.0017,,65,87,Tb,,0,,2-,17.5,,1,h,63000,360,EC+B+,100,,3990,40,64,88,Gd,31-Aug-2013,M. J. MARTIN,2026-09-18
1430.76,0.07,0.09398,0.0039121150289836825,,2749.23,,1318.355,,,,,,65,87,Tb,,0,,2-,17.5,,1,h,63000,360,EC+B+,100,,3990,40,64,88,Gd,31-Aug-2013,M. J. MARTIN,2026-09-18
1434.54,0.11,0.0286385,0.001422966394543455,,2557.87,,1123.186,,,,,,65,87,Tb,,0,,2-,17.5,,1,h,63000,360,EC+B+,100,,3990,40,64,88,Gd,31-Aug-2013,M. J. MARTIN,2026-09-18
1436.67,0.09,0.0422275,0.001270764828754715,,3042.29,,1605.60,,,,,,65,87,Tb,,0,,2-,17.5,,1,h,63000,360,EC+B+,100,,3990,40,64,88,Gd,31-Aug-2013,M. J. MARTIN,2026-09-18
1441.91,0.08,0.11557,0.0033575421069586006,,2551.14,,1109.203,,,,,,65,87,Tb,,0,,2-,17.5,,1,h,63000,360,EC+B+,100,,3990,40,64,88,Gd,31-Aug-2013,M. J. MARTIN,2026-09-18
1446.34,,0.083185,0.00829233507523665,,2201.71,,755.3960,[E2],,,0.001372,,65,87,Tb,,0,,2-,17.5,,1,h,63000,360,EC+B+,100,,3990,40,64,88,Gd,31-Aug-2013,M. J. MARTIN,2026-09-18
1446.64,,0.16256,0.016581296571740102,,2880.67,,1434.021,M1 E2,,,0.0017,,65,87,Tb,,0,,2-,17.5,,1,h,63000,360,EC+B+,100,,3990,40,64,88,Gd,31-Aug-2013,M. J. MARTIN,2026-09-18
1449.4,0.3,0.011684,0.001338062184653613,,,,,,,,,,65,87,Tb,,0,,2-,17.5,,1,h,63000,360,EC+B+,100,,3990,40,64,88,Gd,31-Aug-2013,M. J. MARTIN,2026-09-18
1454.08,0.12,0.022479,0.001287638831349847,,2772.40,,1318.355,,,,,,65,87,Tb,,0,,2-,17.5,,1,h,63000,360,EC+B+,100,,3990,40,64,88,Gd,31-Aug-2013,M. J. MARTIN,2026-09-18
1457.25,0.11,0.018415,0.00140779437418964,,2927.86,,1470.63,,,,,,65,87,Tb,,0,,2-,17.5,,1,h,63000,360,EC+B+,100,,3990,40,64,88,Gd,31-Aug-2013,M. J. MARTIN,2026-09-18
1465.85,0.18,0.004318,0.0013975956639886945,,,,,,,,,,65,87,Tb,,0,,2-,17.5,,1,h,63000,360,EC+B+,100,,3990,40,64,88,Gd,31-Aug-2013,M. J. MARTIN,2026-09-18
1471.45,0.15,0.01524,0.0025440786151375116,,,,,,,,,,65,87,Tb,,0,,2-,17.5,,1,h,63000,360,EC+B+,100,,3990,40,64,88,Gd,31-Aug-2013,M. J. MARTIN,2026-09-18
1475.04,0.14,0.009525,0.003176275334412935,,2749.23,,1274.26,,,,,,65,87,Tb,,0,,2-,17.5,,1,h,63000,360,EC+B+,100,,3990,40,64,88,Gd,31-Aug-2013,M. J. MARTIN,2026-09-18
1481.18,0.08,0.06223,0.0032289888510182254,,2604.34,,1123.186,,,,,,65,87,Tb,,0,,2-,17.5,,1,h,63000,360,EC+B+,100,,3990,40,64,88,Gd,31-Aug-2013,M. J. MARTIN,2026-09-18
1485.7,0.3,0.0177165,0.0015963016663525726,,,,,,,,,,65,87,Tb,,0,,2-,17.5,,1,h,63000,360,EC+B+,100,,3990,40,64,88,Gd,31-Aug-2013,M. J. MARTIN,2026-09-18
1489.6,0.1,0.065405,0.0020027353794248503,,2598.80,,1109.203,M1(+E2),,,0.0016,,65,87,Tb,,0,,2-,17.5,,1,h,63000,360,EC+B+,100,,3990,40,64,88,Gd,31-Aug-2013,M. J. MARTIN,2026-09-18
1491.62,0.22,0.016891,0.0012170104395608117,,2246.80,,755.3960,,,,,,65,87,Tb,,0,,2-,17.5,,1,h,63000,360,EC+B+,100,,3990,40,64,88,Gd,31-Aug-2013,M. J. MARTIN,2026-09-18
1495.44,0.08,0.103505,0.003933520560515732,,1839.71,,344.2790,E0+M1+E2,,,0.0054,,65,87,Tb,,0,,2-,17.5,,1,h,63000,360,EC+B+,100,,3990,40,64,88,Gd,31-Aug-2013,M. J. MARTIN,2026-09-18
1502.62,0.1,0.01524,0.0005280151512977634,,2258.14,,755.3960,,,,,,65,87,Tb,,0,,2-,17.5,,1,h,63000,360,EC+B+,100,,3990,40,64,88,Gd,31-Aug-2013,M. J. MARTIN,2026-09-18
1506.9,0.08,0.04953,0.00196164446319918,,2437.43,,930.560,M1(+E0),,,0.0031,,65,87,Tb,,0,,2-,17.5,,1,h,63000,360,EC+B+,100,,3990,40,64,88,Gd,31-Aug-2013,M. J. MARTIN,2026-09-18
1514.61,0.14,0.01016,0.0019074173638718925,,,,,,,,,,65,87,Tb,,0,,2-,17.5,,1,h,63000,360,EC+B+,100,,3990,40,64,88,Gd,31-Aug-2013,M. J. MARTIN,2026-09-18
1517.78,,0.508,0.03840117185711915,,1862.06,,344.2790,M1+E2,,,0.0015,,65,87,Tb,,0,,2-,17.5,,1,h,63000,360,EC+B+,100,,3990,40,64,88,Gd,31-Aug-2013,M. J. MARTIN,2026-09-18
1518.02,,0.03175,0.006357082664241515,,2133.38,,615.38,,,,,,65,87,Tb,,0,,2-,17.5,,1,h,63000,360,EC+B+,100,,3990,40,64,88,Gd,31-Aug-2013,M. J. MARTIN,2026-09-18
1518.38,,0.111125,0.008321509778880272,,2641.59,,1123.186,M1 E2,,,0.0015,,65,87,Tb,,0,,2-,17.5,,1,h,63000,360,EC+B+,100,,3990,40,64,88,Gd,31-Aug-2013,M. J. MARTIN,2026-09-18
1521.57,0.16,0.018415,0.0019129299516709962,,3214,,1692.43,,,,,,65,87,Tb,,0,,2-,17.5,,1,h,63000,360,EC+B+,100,,3990,40,64,88,Gd,31-Aug-2013,M. J. MARTIN,2026-09-18
1530.07,0.15,0.0098425,0.0008307221256232436,,2964.30,,1434.021,,,,,,65,87,Tb,,0,,2-,17.5,,1,h,63000,360,EC+B+,100,,3990,40,64,88,Gd,31-Aug-2013,M. J. MARTIN,2026-09-18
1532.75,0.1,0.0360045,0.001192553998777414,,,,,M1,,,0.001773,,65,87,Tb,,0,,2-,17.5,,1,h,63000,360,EC+B+,100,,3990,40,64,88,Gd,31-Aug-2013,M. J. MARTIN,2026-09-18
1535.84,0.16,0.013081,0.0010865529025316715,,,,,,,,,,65,87,Tb,,0,,2-,17.5,,1,h,63000,360,EC+B+,100,,3990,40,64,88,Gd,31-Aug-2013,M. J. MARTIN,2026-09-18
1544.29,0.08,0.060071,0.0015669173590205708,,2667.56,,1123.186,,,,,,65,87,Tb,,0,,2-,17.5,,1,h,63000,360,EC+B+,100,,3990,40,64,88,Gd,31-Aug-2013,M. J. MARTIN,2026-09-18
1547.95,0.09,0.041021,0.0012069311330809229,,2862.66,,1314.64,,,,,,65,87,Tb,,0,,2-,17.5,,1,h,63000,360,EC+B+,100,,3990,40,64,88,Gd,31-Aug-2013,M. J. MARTIN,2026-09-18
1554.04,0.16,0.0135255,0.001213249805275072,,2169.65,,615.38,,,,,,65,87,Tb,,0,,2-,17.5,,1,h,63000,360,EC+B+,100,,3990,40,64,88,Gd,31-Aug-2013,M. J. MARTIN,2026-09-18
1558.07,0.12,0.0136525,0.0010871804128110476,,,,,,,,,,65,87,Tb,,0,,2-,17.5,,1,h,63000,360,EC+B+,100,,3990,40,64,88,Gd,31-Aug-2013,M. J. MARTIN,2026-09-18
1562.45,0.08,0.081915,0.0020562346655963173,,2880.67,,1318.355,M1,,,0.001713,,65,87,Tb,,0,,2-,17.5,,1,h,63000,360,EC+B+,100,,3990,40,64,88,Gd,31-Aug-2013,M. J. MARTIN,2026-09-18
1565.97,0.08,0.100965,0.002713248237813857,,2880.67,,1314.64,,,,,,65,87,Tb,,0,,2-,17.5,,1,h,63000,360,EC+B+,100,,3990,40,64,88,Gd,31-Aug-2013,M. J. MARTIN,2026-09-18
1571.25,0.08,0.158115,0.0035089401533796496,,1915.76,,344.2790,,,,,,65,87,Tb,,0,,2-,17.5,,1,h,63000,360,EC+B+,100,,3990,40,64,88,Gd,31-Aug-2013,M. J. MARTIN,2026-09-18
1575.3,0.09,0.05969,0.001684711325420471,,2330.72,,755.3960,,,,,,65,87,Tb,,0,,2-,17.5,,1,h,63000,360,EC+B+,100,,3990,40,64,88,Gd,31-Aug-2013,M. J. MARTIN,2026-09-18
1586.22,0.07,0.92075,0.020942600125103857,,2709.43,,1123.186,E1+M2,0.19,9,,,65,87,Tb,,0,,2-,17.5,,1,h,63000,360,EC+B+,100,,3990,40,64,88,Gd,31-Aug-2013,M. J. MARTIN,2026-09-18
1593.37,0.09,0.092075,0.0026848649872945195,,2523.81,,930.560,,,,,,65,87,Tb,,0,,2-,17.5,,1,h,63000,360,EC+B+,100,,3990,40,64,88,Gd,31-Aug-2013,M. J. MARTIN,2026-09-18
1596.49,,0.154305,0.011522615328127551,,2719.64,,1123.186,[E1],,,0.000773,,65,87,Tb,,0,,2-,17.5,,1,h,63000,360,EC+B+,100,,3990,40,64,88,Gd,31-Aug-2013,M. J. MARTIN,2026-09-18
1596.88,,0.30353,0.01613198837713442,,1941.17,,344.2790,M1+E2,-0.28,12,0.00162,,65,87,Tb,,0,,2-,17.5,,1,h,63000,360,EC+B+,100,,3990,40,64,88,Gd,31-Aug-2013,M. J. MARTIN,2026-09-18
1598.9,0.08,0.21971,0.005487820696779369,,2529.43,,930.560,,,,,,65,87,Tb,,0,,2-,17.5,,1,h,63000,360,EC+B+,100,,3990,40,64,88,Gd,31-Aug-2013,M. J. MARTIN,2026-09-18
1605.58,,0.22225,0.03181937302964972,,1605.60,,0,E2,,,0.001190,,65,87,Tb,,0,,2-,17.5,,1,h,63000,360,EC+B+,100,,3990,40,64,88,Gd,31-Aug-2013,M. J. MARTIN,2026-09-18
1605.98,,0.1524,0.01910434767271576,,2729.17,,1123.186,(E1),,,0.000776,,65,87,Tb,,0,,2-,17.5,,1,h,63000,360,EC+B+,100,,3990,40,64,88,Gd,31-Aug-2013,M. J. MARTIN,2026-09-18
1610.11,0.19,0.015748,0.0013417763189145946,,2928.68,,1318.355,,,,,,65,87,Tb,,0,,2-,17.5,,1,h,63000,360,EC+B+,100,,3990,40,64,88,Gd,31-Aug-2013,M. J. MARTIN,2026-09-18
1613.53,0.09,0.05207,0.001967508322726997,,2544.02,,930.560,,,,,,65,87,Tb,,0,,2-,17.5,,1,h,63000,360,EC+B+,100,,3990,40,64,88,Gd,31-Aug-2013,M. J. MARTIN,2026-09-18
1620.35,0.2,0.026035,0.0019208177945864622,,,,,,,,,,65,87,Tb,,0,,2-,17.5,,1,h,63000,360,EC+B+,100,,3990,40,64,88,Gd,31-Aug-2013,M. J. MARTIN,2026-09-18
1622.4,0.4,0.009525,0.0019071247992724545,,,,,,,,,,65,87,Tb,,0,,2-,17.5,,1,h,63000,360,EC+B+,100,,3990,40,64,88,Gd,31-Aug-2013,M. J. MARTIN,2026-09-18
1626.39,0.19,0.013589,0.0011501893583232283,,3232.06,,1605.60,,,,,,65,87,Tb,,0,,2-,17.5,,1,h,63000,360,EC+B+,100,,3990,40,64,88,Gd,31-Aug-2013,M. J. MARTIN,2026-09-18
1631.39,,0.069215,0.0051219250287367546,,1975.72,,344.2790,M1(+E2),,,0.00138,,65,87,Tb,,0,,2-,17.5,,1,h,63000,360,EC+B+,100,,3990,40,64,88,Gd,31-Aug-2013,M. J. MARTIN,2026-09-18
1631.4,,0.16002,0.009644260935914167,,2246.80,,615.38,[E2],,,0.001168,,65,87,Tb,,0,,2-,17.5,,1,h,63000,360,EC+B+,100,,3990,40,64,88,Gd,31-Aug-2013,M. J. MARTIN,2026-09-18
1634,0.3,0.006858,0.001588821981846928,,2744.04,,1109.203,,,,,,65,87,Tb,,0,,2-,17.5,,1,h,63000,360,EC+B+,100,,3990,40,64,88,Gd,31-Aug-2013,M. J. MARTIN,2026-09-18
1640.08,0.09,0.043434,0.0014560347385965762,,2749.23,,1109.203,M1,,,0.001579,,65,87,Tb,,0,,2-,17.5,,1,h,63000,360,EC+B+,100,,3990,40,64,88,Gd,31-Aug-2013,M. J. MARTIN,2026-09-18
1645.92,0.08,0.066675,0.002006470782244287,,2964.30,,1318.355,,,,,,65,87,Tb,,0,,2-,17.5,,1,h,63000,360,EC+B+,100,,3990,40,64,88,Gd,31-Aug-2013,M. J. MARTIN,2026-09-18
1663.67,0.14,0.042545,0.0025716150567299144,,2772.40,,1109.203,E0+M1+E2,,,0.0084,,65,87,Tb,,0,,2-,17.5,,1,h,63000,360,EC+B+,100,,3990,40,64,88,Gd,31-Aug-2013,M. J. MARTIN,2026-09-18
1667.38,0.08,0.65659,0.016454398074679,,2011.67,,344.2790,M1+E2,,,0.00134,,65,87,Tb,,0,,2-,17.5,,1,h,63000,360,EC+B+,100,,3990,40,64,88,Gd,31-Aug-2013,M. J. MARTIN,2026-09-18
1681.53,0.08,0.0417195,0.001149223168057449,,2729.17,,1047.78,,,,,,65,87,Tb,,0,,2-,17.5,,1,h,63000,360,EC+B+,100,,3990,40,64,88,Gd,31-Aug-2013,M. J. MARTIN,2026-09-18
1685.28,0.16,0.0103505,0.000768250506020009,,,,,,,,,,65,87,Tb,,0,,2-,17.5,,1,h,63000,360,EC+B+,100,,3990,40,64,88,Gd,31-Aug-2013,M. J. MARTIN,2026-09-18
1687.69,0.11,0.0133985,0.0008351513695133355,,,,,,,,,,65,87,Tb,,0,,2-,17.5,,1,h,63000,360,EC+B+,100,,3990,40,64,88,Gd,31-Aug-2013,M. J. MARTIN,2026-09-18
1690.68,0.09,0.019431,0.0008456708638708087,,3009.23,,1318.355,,,,,,65,87,Tb,,0,,2-,17.5,,1,h,63000,360,EC+B+,100,,3990,40,64,88,Gd,31-Aug-2013,M. J. MARTIN,2026-09-18
1694.6,0.13,0.016764,0.0007782895091159844,,3009.23,,1314.64,,,,,,65,87,Tb,,0,,2-,17.5,,1,h,63000,360,EC+B+,100,,3990,40,64,88,Gd,31-Aug-2013,M. J. MARTIN,2026-09-18
1711.02,0.09,0.021336,0.000727010873371231,,2641.59,,930.560,,,,,,65,87,Tb,,0,,2-,17.5,,1,h,63000,360,EC+B+,100,,3990,40,64,88,Gd,31-Aug-2013,M. J. MARTIN,2026-09-18
1714.65,0.25,0.004191,0.0005728703256409779,,2989.03,,1274.26,,,,,,65,87,Tb,,0,,2-,17.5,,1,h,63000,360,EC+B+,100,,3990,40,64,88,Gd,31-Aug-2013,M. J. MARTIN,2026-09-18
1727.72,0.08,0.07366,0.002028161975780041,,3042.29,,1314.64,,,,,,65,87,Tb,,0,,2-,17.5,,1,h,63000,360,EC+B+,100,,3990,40,64,88,Gd,31-Aug-2013,M. J. MARTIN,2026-09-18
1732.42,0.11,0.011557,0.0010218515743492301,,3006.78,,1274.26,,,,,,65,87,Tb,,0,,2-,17.5,,1,h,63000,360,EC+B+,100,,3990,40,64,88,Gd,31-Aug-2013,M. J. MARTIN,2026-09-18
1735.8,,,,,,,,E0(+M1 E2),,,,,65,87,Tb,,0,,2-,17.5,,1,h,63000,360,EC+B+,100,,3990,40,64,88,Gd,31-Aug-2013,M. J. MARTIN,2026-09-18
1737.03,0.09,0.0415925,0.0011488121038707767,,2667.56,,930.560,,,,,,65,87,Tb,,0,,2-,17.5,,1,h,63000,360,EC+B+,100,,3990,40,64,88,Gd,31-Aug-2013,M. J. MARTIN,2026-09-18
1739.46,0.08,0.076835,0.002038651760355358,,2862.66,,1123.186,,,,,,65,87,Tb,,0,,2-,17.5,,1,h,63000,360,EC+B+,100,,3990,40,64,88,Gd,31-Aug-2013,M. J. MARTIN,2026-09-18
1748.34,0.14,0.004318,0.00044636855848054533,,,,,,,,,,65,87,Tb,,0,,2-,17.5,,1,h,63000,360,EC+B+,100,,3990,40,64,88,Gd,31-Aug-2013,M. J. MARTIN,2026-09-18
1757.42,0.07,0.64516,0.01582615686134824,,2880.67,,1123.186,(E1),,,0.000820,,65,87,Tb,,0,,2-,17.5,,1,h,63000,360,EC+B+,100,,3990,40,64,88,Gd,31-Aug-2013,M. J. MARTIN,2026-09-18
1761.22,0.16,0.056515,0.0032195932972970357,,3079.66,,1318.355,E2,,,,,65,87,Tb,,0,,2-,17.5,,1,h,63000,360,EC+B+,100,,3990,40,64,88,Gd,31-Aug-2013,M. J. MARTIN,2026-09-18
1771.43,0.08,0.32893,0.007645252710015543,,2880.67,,1109.203,M1,,,0.001412,,65,87,Tb,,0,,2-,17.5,,1,h,63000,360,EC+B+,100,,3990,40,64,88,Gd,31-Aug-2013,M. J. MARTIN,2026-09-18
1776.3,0.3,0.014605,0.001909991884799514,,2121.05,,344.2790,,,,,,65,87,Tb,,0,,2-,17.5,,1,h,63000,360,EC+B+,100,,3990,40,64,88,Gd,31-Aug-2013,M. J. MARTIN,2026-09-18
1778.78,0.09,0.104775,0.0033257668288681937,,2709.43,,930.560,M1+E2,,,0.00124,,65,87,Tb,,0,,2-,17.5,,1,h,63000,360,EC+B+,100,,3990,40,64,88,Gd,31-Aug-2013,M. J. MARTIN,2026-09-18
1785.15,0.11,0.048895,0.0025816746502996847,,2540.45,,755.3960,,,,,,65,87,Tb,,0,,2-,17.5,,1,h,63000,360,EC+B+,100,,3990,40,64,88,Gd,31-Aug-2013,M. J. MARTIN,2026-09-18
1789.11,,0.479425,0.013483727229516325,,2133.38,,344.2790,M1,,,0.001394,,65,87,Tb,,0,,2-,17.5,,1,h,63000,360,EC+B+,100,,3990,40,64,88,Gd,31-Aug-2013,M. J. MARTIN,2026-09-18
1789.12,,0.09144,0.007038232803765445,,2719.64,,930.560,M1+E2,0.26,8,0.00137,,65,87,Tb,,0,,2-,17.5,,1,h,63000,360,EC+B+,100,,3990,40,64,88,Gd,31-Aug-2013,M. J. MARTIN,2026-09-18
1792.71,0.14,0.0508,0.003840117185711915,,3074.85,,1282.25,,,,,,65,87,Tb,,0,,2-,17.5,,1,h,63000,360,EC+B+,100,,3990,40,64,88,Gd,31-Aug-2013,M. J. MARTIN,2026-09-18
1796.83,0.14,0.052705,0.0032138184454010466,,2920.10,,1123.186,,,,,,65,87,Tb,,0,,2-,17.5,,1,h,63000,360,EC+B+,100,,3990,40,64,88,Gd,31-Aug-2013,M. J. MARTIN,2026-09-18
1798.45,0.09,0.10033,0.003926169125241551,,2729.17,,930.560,E2(+M1),14.3,GE,0.001066,,65,87,Tb,,0,,2-,17.5,,1,h,63000,360,EC+B+,100,,3990,40,64,88,Gd,31-Aug-2013,M. J. MARTIN,2026-09-18
1802.67,0.09,0.06477,0.002000892051061226,,2557.87,,755.3960,,,,,,65,87,Tb,,0,,2-,17.5,,1,h,63000,360,EC+B+,100,,3990,40,64,88,Gd,31-Aug-2013,M. J. MARTIN,2026-09-18
1809.53,0.1,0.080645,0.0026518378532632797,,2932.71,,1123.186,,,,,,65,87,Tb,,0,,2-,17.5,,1,h,63000,360,EC+B+,100,,3990,40,64,88,Gd,31-Aug-2013,M. J. MARTIN,2026-09-18
1811.3,0.3,0.015875,0.0019108963865160245,,2920.10,,1109.203,,,,,,65,87,Tb,,0,,2-,17.5,,1,h,63000,360,EC+B+,100,,3990,40,64,88,Gd,31-Aug-2013,M. J. MARTIN,2026-09-18
1818.56,0.09,0.059055,0.0019850413093938373,,2927.86,,1109.203,M1 E2,,,0.00121,,65,87,Tb,,0,,2-,17.5,,1,h,63000,360,EC+B+,100,,3990,40,64,88,Gd,31-Aug-2013,M. J. MARTIN,2026-09-18
1825.37,0.09,0.15113,0.003481351605339512,,2169.65,,344.2790,,,,,,65,87,Tb,,0,,2-,17.5,,1,h,63000,360,EC+B+,100,,3990,40,64,88,Gd,31-Aug-2013,M. J. MARTIN,2026-09-18
1841.15,,0.05207,0.006369031637541142,,2964.30,,1123.186,M1 E2,,,0.00120,,65,87,Tb,,0,,2-,17.5,,1,h,63000,360,EC+B+,100,,3990,40,64,88,Gd,31-Aug-2013,M. J. MARTIN,2026-09-18
1841.81,,0.026035,0.003184515818770571,,2772.40,,930.560,M1 E2,,,0.00120,,65,87,Tb,,0,,2-,17.5,,1,h,63000,360,EC+B+,100,,3990,40,64,88,Gd,31-Aug-2013,M. J. MARTIN,2026-09-18
1844.83,0.12,0.0144145,0.0007116548952968706,,,,,,,,,,65,87,Tb,,0,,2-,17.5,,1,h,63000,360,EC+B+,100,,3990,40,64,88,Gd,31-Aug-2013,M. J. MARTIN,2026-09-18
1857.48,0.08,0.17272,0.0041448189345253674,,2201.71,,344.2790,M1+E2,,,0.00119,,65,87,Tb,,0,,2-,17.5,,1,h,63000,360,EC+B+,100,,3990,40,64,88,Gd,31-Aug-2013,M. J. MARTIN,2026-09-18
1861.94,0.08,0.4572,0.010458873027243423,,1861.89,,0,(E2),,,0.001040,,65,87,Tb,,0,,2-,17.5,,1,h,63000,360,EC+B+,100,,3990,40,64,88,Gd,31-Aug-2013,M. J. MARTIN,2026-09-18
1870.55,0.18,0.0075565,0.0010185057486337523,,3152.89,,1282.25,,,,,,65,87,Tb,,0,,2-,17.5,,1,h,63000,360,EC+B+,100,,3990,40,64,88,Gd,31-Aug-2013,M. J. MARTIN,2026-09-18
1875.35,0.12,0.015113,0.0011518857755871456,,,,,,,,,,65,87,Tb,,0,,2-,17.5,,1,h,63000,360,EC+B+,100,,3990,40,64,88,Gd,31-Aug-2013,M. J. MARTIN,2026-09-18
1886.08,0.13,0.02921,0.0019248898669794073,,3009.23,,1123.186,E0+M1+E2,,,,,65,87,Tb,,0,,2-,17.5,,1,h,63000,360,EC+B+,100,,3990,40,64,88,Gd,31-Aug-2013,M. J. MARTIN,2026-09-18
1891.45,0.17,0.03937,0.0019409814527707367,,,,,(M1 E2),,,0.00117,,65,87,Tb,,0,,2-,17.5,,1,h,63000,360,EC+B+,100,,3990,40,64,88,Gd,31-Aug-2013,M. J. MARTIN,2026-09-18
1896.52,0.21,0.033655,0.002559828900532221,,,,,,,,,,65,87,Tb,,0,,2-,17.5,,1,h,63000,360,EC+B+,100,,3990,40,64,88,Gd,31-Aug-2013,M. J. MARTIN,2026-09-18
1902.49,,1.6891,0.041307766824170006,,2246.80,,344.2790,M1+E2,-0.11,4,0.001297,,65,87,Tb,,0,,2-,17.5,,1,h,63000,360,EC+B+,100,,3990,40,64,88,Gd,31-Aug-2013,M. J. MARTIN,2026-09-18
1902.87,,0.013335,0.002543123276603004,,3012.37,,1109.203,,,,,,65,87,Tb,,0,,2-,17.5,,1,h,63000,360,EC+B+,100,,3990,40,64,88,Gd,31-Aug-2013,M. J. MARTIN,2026-09-18
1907.51,0.18,0.026035,0.0019208177945864622,,,,,(M1),,,0.001297,,65,87,Tb,,0,,2-,17.5,,1,h,63000,360,EC+B+,100,,3990,40,64,88,Gd,31-Aug-2013,M. J. MARTIN,2026-09-18
1914.71,0.13,0.0508,0.001964541931341757,,,,,,,,,,65,87,Tb,,0,,2-,17.5,,1,h,63000,360,EC+B+,100,,3990,40,64,88,Gd,31-Aug-2013,M. J. MARTIN,2026-09-18
1917.55,0.15,0.032639,0.0008812268777108424,,3232.06,,1314.64,,,,,,65,87,Tb,,0,,2-,17.5,,1,h,63000,360,EC+B+,100,,3990,40,64,88,Gd,31-Aug-2013,M. J. MARTIN,2026-09-18
1921,0.08,0.419735,0.009734539331678721,,2265.29,,344.2790,M1+E2,,,0.00115,,65,87,Tb,,0,,2-,17.5,,1,h,63000,360,EC+B+,100,,3990,40,64,88,Gd,31-Aug-2013,M. J. MARTIN,2026-09-18
1932.94,0.12,0.036195,0.0019354557602797333,,3042.29,,1109.203,M1 E2,,,0.00115,,65,87,Tb,,0,,2-,17.5,,1,h,63000,360,EC+B+,100,,3990,40,64,88,Gd,31-Aug-2013,M. J. MARTIN,2026-09-18
1941.23,0.08,0.70358,0.01604686664118575,,1941.17,,0,(E2),,,0.001016,,65,87,Tb,,0,,2-,17.5,,1,h,63000,360,EC+B+,100,,3990,40,64,88,Gd,31-Aug-2013,M. J. MARTIN,2026-09-18
1944.8,,0.001905,0.000018,,3067.42,,1123.186,E0(+M1 E2),,,,,65,87,Tb,,0,,2-,17.5,,1,h,63000,360,EC+B+,100,,3990,40,64,88,Gd,31-Aug-2013,M. J. MARTIN,2026-09-18
1951.17,0.19,0.024765,0.0019193178475698078,,,,,,,,,,65,87,Tb,,0,,2-,17.5,,1,h,63000,360,EC+B+,100,,3990,40,64,88,Gd,31-Aug-2013,M. J. MARTIN,2026-09-18
1955.36,0.08,0.34798,0.008299117061471057,,2299.66,,344.2790,,,,,,65,87,Tb,,0,,2-,17.5,,1,h,63000,360,EC+B+,100,,3990,40,64,88,Gd,31-Aug-2013,M. J. MARTIN,2026-09-18
1962.9,,,,,,,,E0,,,,,65,87,Tb,,0,,2-,17.5,,1,h,63000,360,EC+B+,100,,3990,40,64,88,Gd,31-Aug-2013,M. J. MARTIN,2026-09-18
1965.42,0.19,0.0153035,0.0009006831629380001,,3074.85,,1109.203,,,,,,65,87,Tb,,0,,2-,17.5,,1,h,63000,360,EC+B+,100,,3990,40,64,88,Gd,31-Aug-2013,M. J. MARTIN,2026-09-18
1967.9,0.5,0.0056515,0.0008272253683247389,,,,,,,,,,65,87,Tb,,0,,2-,17.5,,1,h,63000,360,EC+B+,100,,3990,40,64,88,Gd,31-Aug-2013,M. J. MARTIN,2026-09-18
1970.49,0.09,0.0495935,0.0014134384351644044,,3285.17,,1314.64,,,,,,65,87,Tb,,0,,2-,17.5,,1,h,63000,360,EC+B+,100,,3990,40,64,88,Gd,31-Aug-2013,M. J. MARTIN,2026-09-18
1975.65,0.08,0.07493,0.0020323112458479385,,1975.72,,0,,,,,,65,87,Tb,,0,,2-,17.5,,1,h,63000,360,EC+B+,100,,3990,40,64,88,Gd,31-Aug-2013,M. J. MARTIN,2026-09-18
1979.93,0.19,0.004572,0.0007632235845412536,,,,,,,,,,65,87,Tb,,0,,2-,17.5,,1,h,63000,360,EC+B+,100,,3990,40,64,88,Gd,31-Aug-2013,M. J. MARTIN,2026-09-18
1983.41,0.08,0.07239,0.0020240753444474343,,2598.80,,615.38,,,,,,65,87,Tb,,0,,2-,17.5,,1,h,63000,360,EC+B+,100,,3990,40,64,88,Gd,31-Aug-2013,M. J. MARTIN,2026-09-18
1986.8,0.4,0.0047625,0.0009535623996362272,,2330.72,,344.2790,,,,,,65,87,Tb,,0,,2-,17.5,,1,h,63000,360,EC+B+,100,,3990,40,64,88,Gd,31-Aug-2013,M. J. MARTIN,2026-09-18
1993.87,0.08,0.09144,0.0020917746054486845,,2749.23,,755.3960,,,,,,65,87,Tb,,0,,2-,17.5,,1,h,63000,360,EC+B+,100,,3990,40,64,88,Gd,31-Aug-2013,M. J. MARTIN,2026-09-18
2004.93,0.17,0.0069215,0.0005752298757888015,,3232.06,,1227.36,,,,,,65,87,Tb,,0,,2-,17.5,,1,h,63000,360,EC+B+,100,,3990,40,64,88,Gd,31-Aug-2013,M. J. MARTIN,2026-09-18
2014.48,0.2,0.007493,0.0014622150628413044,,,,,M1(+E0),,,0.0074,,65,87,Tb,,0,,2-,17.5,,1,h,63000,360,EC+B+,100,,3990,40,64,88,Gd,31-Aug-2013,M. J. MARTIN,2026-09-18
2018.09,0.14,0.01905,0.0007829712638405066,,,,,M1 E2,,,0.00112,,65,87,Tb,,0,,2-,17.5,,1,h,63000,360,EC+B+,100,,3990,40,64,88,Gd,31-Aug-2013,M. J. MARTIN,2026-09-18
2020.67,0.14,0.012065,0.0007077416548430649,,3143.97,,1123.186,M1 E2,,,0.00112,,65,87,Tb,,0,,2-,17.5,,1,h,63000,360,EC+B+,100,,3990,40,64,88,Gd,31-Aug-2013,M. J. MARTIN,2026-09-18
2029.5,,,,,,,,E0,,,,,65,87,Tb,,0,,2-,17.5,,1,h,63000,360,EC+B+,100,,3990,40,64,88,Gd,31-Aug-2013,M. J. MARTIN,2026-09-18
2033.89,0.09,0.13716,0.0034293207782299983,,2964.30,,930.560,E1,,,0.000934,,65,87,Tb,,0,,2-,17.5,,1,h,63000,360,EC+B+,100,,3990,40,64,88,Gd,31-Aug-2013,M. J. MARTIN,2026-09-18
2042.67,,0.06985,0.005122694603428942,,2386.95,,344.2790,M1+E2(+E0),,,,,65,87,Tb,,0,,2-,17.5,,1,h,63000,360,EC+B+,100,,3990,40,64,88,Gd,31-Aug-2013,M. J. MARTIN,2026-09-18
2043.63,,0.01016,0.0025418135258118363,,3358.27,,1314.64,[E1],,,0.000938,,65,87,Tb,,0,,2-,17.5,,1,h,63000,360,EC+B+,100,,3990,40,64,88,Gd,31-Aug-2013,M. J. MARTIN,2026-09-18
2043.79,,0.01905,0.002546369965264278,,3152.89,,1109.203,[E1],,,0.000938,,65,87,Tb,,0,,2-,17.5,,1,h,63000,360,EC+B+,100,,3990,40,64,88,Gd,31-Aug-2013,M. J. MARTIN,2026-09-18
2051.26,0.11,0.025781,0.000921771099568651,,,,,,,,,,65,87,Tb,,0,,2-,17.5,,1,h,63000,360,EC+B+,100,,3990,40,64,88,Gd,31-Aug-2013,M. J. MARTIN,2026-09-18
2058.47,0.09,0.009398,0.0008302624223701805,,2989.03,,930.560,,,,,,65,87,Tb,,0,,2-,17.5,,1,h,63000,360,EC+B+,100,,3990,40,64,88,Gd,31-Aug-2013,M. J. MARTIN,2026-09-18
2064.9,0.16,0.007874,0.0010187204523322382,,,,,(M1+E2+E0),,,0.00111,,65,87,Tb,,0,,2-,17.5,,1,h,63000,360,EC+B+,100,,3990,40,64,88,Gd,31-Aug-2013,M. J. MARTIN,2026-09-18
2069,0.08,0.092075,0.0020942600125103857,,2999.55,,930.560,M1 E2,,,0.00110,,65,87,Tb,,0,,2-,17.5,,1,h,63000,360,EC+B+,100,,3990,40,64,88,Gd,31-Aug-2013,M. J. MARTIN,2026-09-18
2073.51,0.17,0.0113665,0.001337818003317342,,,,,,,,,,65,87,Tb,,0,,2-,17.5,,1,h,63000,360,EC+B+,100,,3990,40,64,88,Gd,31-Aug-2013,M. J. MARTIN,2026-09-18
2076.21,0.1,0.0376555,0.0015032145189559606,,3006.78,,930.560,M1,,,0.00110,,65,87,Tb,,0,,2-,17.5,,1,h,63000,360,EC+B+,100,,3990,40,64,88,Gd,31-Aug-2013,M. J. MARTIN,2026-09-18
2078.63,0.09,0.0330835,0.0015557296551779167,,3009.23,,930.560,[E1],,,0.000953,,65,87,Tb,,0,,2-,17.5,,1,h,63000,360,EC+B+,100,,3990,40,64,88,Gd,31-Aug-2013,M. J. MARTIN,2026-09-18
2082.22,0.18,0.0126365,0.0007712978413038637,,,,,,,,,,65,87,Tb,,0,,2-,17.5,,1,h,63000,360,EC+B+,100,,3990,40,64,88,Gd,31-Aug-2013,M. J. MARTIN,2026-09-18
2086.2,0.1,0.0283845,0.0009895390290433218,,,,,,,,,,65,87,Tb,,0,,2-,17.5,,1,h,63000,360,EC+B+,100,,3990,40,64,88,Gd,31-Aug-2013,M. J. MARTIN,2026-09-18
2093.16,,0.133985,0.011499898086504942,,2437.43,,344.2790,M1+E2(+E0),,,0.0018,,65,87,Tb,,0,,2-,17.5,,1,h,63000,360,EC+B+,100,,3990,40,64,88,Gd,31-Aug-2013,M. J. MARTIN,2026-09-18
2094.05,,0.07747,0.007023250600683419,,2709.43,,615.38,[E2],,,0.000990,,65,87,Tb,,0,,2-,17.5,,1,h,63000,360,EC+B+,100,,3990,40,64,88,Gd,31-Aug-2013,M. J. MARTIN,2026-09-18
2103.54,,0.029845,0.0063562586479783845,,2448.01,,344.2790,M1 E2,,,0.00110,,65,87,Tb,,0,,2-,17.5,,1,h,63000,360,EC+B+,100,,3990,40,64,88,Gd,31-Aug-2013,M. J. MARTIN,2026-09-18
2104.3,,0.03429,0.007626885078457653,,2719.64,,615.38,[E2],,,0.000989,,65,87,Tb,,0,,2-,17.5,,1,h,63000,360,EC+B+,100,,3990,40,64,88,Gd,31-Aug-2013,M. J. MARTIN,2026-09-18
2113.7,0.09,0.08636,0.0020724094672626837,,2729.17,,615.38,(E2),,,0.000988,,65,87,Tb,,0,,2-,17.5,,1,h,63000,360,EC+B+,100,,3990,40,64,88,Gd,31-Aug-2013,M. J. MARTIN,2026-09-18
2118.66,0.09,0.055499,0.0015517910974096997,,2734.07,,615.38,M1,,,0.00120,,65,87,Tb,,0,,2-,17.5,,1,h,63000,360,EC+B+,100,,3990,40,64,88,Gd,31-Aug-2013,M. J. MARTIN,2026-09-18
2127.99,0.11,0.033655,0.0013708925012560248,,,,,,,,,,65,87,Tb,,0,,2-,17.5,,1,h,63000,360,EC+B+,100,,3990,40,64,88,Gd,31-Aug-2013,M. J. MARTIN,2026-09-18
2140.35,0.16,0.01651,0.0009025835141414892,,,,,,,,,,65,87,Tb,,0,,2-,17.5,,1,h,63000,360,EC+B+,100,,3990,40,64,88,Gd,31-Aug-2013,M. J. MARTIN,2026-09-18
2150.85,0.08,0.22352,0.004921236531604633,,2495.18,,344.2790,,,,,,65,87,Tb,,0,,2-,17.5,,1,h,63000,360,EC+B+,100,,3990,40,64,88,Gd,31-Aug-2013,M. J. MARTIN,2026-09-18
2158.72,0.1,0.06985,0.002016091515779976,,2914.19,,755.3960,(E2),,,0.000986,,65,87,Tb,,0,,2-,17.5,,1,h,63000,360,EC+B+,100,,3990,40,64,88,Gd,31-Aug-2013,M. J. MARTIN,2026-09-18
2162.05,0.15,0.0324485,0.0015545351588175803,,3285.17,,1123.186,,,,,,65,87,Tb,,0,,2-,17.5,,1,h,63000,360,EC+B+,100,,3990,40,64,88,Gd,31-Aug-2013,M. J. MARTIN,2026-09-18
2168.44,,0.05207,0.012709526505735766,,3099.02,,930.560,,,,,,65,87,Tb,,0,,2-,17.5,,1,h,63000,360,EC+B+,100,,3990,40,64,88,Gd,31-Aug-2013,M. J. MARTIN,2026-09-18
2169.16,,0.04064,0.011436448574623155,,2513.9,,344.2790,,,,,,65,87,Tb,,0,,2-,17.5,,1,h,63000,360,EC+B+,100,,3990,40,64,88,Gd,31-Aug-2013,M. J. MARTIN,2026-09-18
2172.45,0.11,0.031369,0.0011194521919224599,,2927.86,,755.3960,,,,,,65,87,Tb,,0,,2-,17.5,,1,h,63000,360,EC+B+,100,,3990,40,64,88,Gd,31-Aug-2013,M. J. MARTIN,2026-09-18
2176.44,0.11,0.0365125,0.0011939321588767095,,,,,,,,,,65,87,Tb,,0,,2-,17.5,,1,h,63000,360,EC+B+,100,,3990,40,64,88,Gd,31-Aug-2013,M. J. MARTIN,2026-09-18
2179.42,0.11,0.059055,0.0016827121708717745,,2523.81,,344.2790,M1,,,0.001183,,65,87,Tb,,0,,2-,17.5,,1,h,63000,360,EC+B+,100,,3990,40,64,88,Gd,31-Aug-2013,M. J. MARTIN,2026-09-18
2182.1,0.15,0.025019,0.0012294418286360686,,3112.53,,930.560,M1,,,0.001183,,65,87,Tb,,0,,2-,17.5,,1,h,63000,360,EC+B+,100,,3990,40,64,88,Gd,31-Aug-2013,M. J. MARTIN,2026-09-18
2185.24,0.09,0.22733,0.0049367933924765375,,2529.43,,344.2790,M1,,,0.00118,,65,87,Tb,,0,,2-,17.5,,1,h,63000,360,EC+B+,100,,3990,40,64,88,Gd,31-Aug-2013,M. J. MARTIN,2026-09-18
2192.22,0.1,0.0099695,0.0007048233040982683,,,,,,,,,,65,87,Tb,,0,,2-,17.5,,1,h,63000,360,EC+B+,100,,3990,40,64,88,Gd,31-Aug-2013,M. J. MARTIN,2026-09-18
2196.2,0.1,0.093345,0.002099273445742598,,2540.45,,344.2790,M1,,,0.001180,,65,87,Tb,,0,,2-,17.5,,1,h,63000,360,EC+B+,100,,3990,40,64,88,Gd,31-Aug-2013,M. J. MARTIN,2026-09-18
2201.65,0.26,0.0126365,0.001275600391972345,,2201.71,,0,,,,,,65,87,Tb,,0,,2-,17.5,,1,h,63000,360,EC+B+,100,,3990,40,64,88,Gd,31-Aug-2013,M. J. MARTIN,2026-09-18
2209.71,0.13,0.03175,0.0019284773786591328,,3140.21,,930.560,,,,,,65,87,Tb,,0,,2-,17.5,,1,h,63000,360,EC+B+,100,,3990,40,64,88,Gd,31-Aug-2013,M. J. MARTIN,2026-09-18
2211.7,,,,,2557.87,,344.2790,(E0),,,,,65,87,Tb,,0,,2-,17.5,,1,h,63000,360,EC+B+,100,,3990,40,64,88,Gd,31-Aug-2013,M. J. MARTIN,2026-09-18
2217.4,0.09,0.0475615,0.0012874791687635184,,3340.65,,1123.186,,,,,,65,87,Tb,,0,,2-,17.5,,1,h,63000,360,EC+B+,100,,3990,40,64,88,Gd,31-Aug-2013,M. J. MARTIN,2026-09-18
2220.81,0.21,0.0150495,0.0009003009718977315,,,,,,,,,,65,87,Tb,,0,,2-,17.5,,1,h,63000,360,EC+B+,100,,3990,40,64,88,Gd,31-Aug-2013,M. J. MARTIN,2026-09-18
2223.71,0.19,0.0089535,0.0012094624467092808,,,,,,,,,,65,87,Tb,,0,,2-,17.5,,1,h,63000,360,EC+B+,100,,3990,40,64,88,Gd,31-Aug-2013,M. J. MARTIN,2026-09-18
2226.01,0.23,0.0172085,0.0011545075833445185,,2981.45,,755.3960,,,,,,65,87,Tb,,0,,2-,17.5,,1,h,63000,360,EC+B+,100,,3990,40,64,88,Gd,31-Aug-2013,M. J. MARTIN,2026-09-18
2232.76,0.14,0.0213995,0.0007883710040329997,,,,,,,,,,65,87,Tb,,0,,2-,17.5,,1,h,63000,360,EC+B+,100,,3990,40,64,88,Gd,31-Aug-2013,M. J. MARTIN,2026-09-18
2239.13,0.24,0.007493,0.0008285305606916379,,,,,,,,,,65,87,Tb,,0,,2-,17.5,,1,h,63000,360,EC+B+,100,,3990,40,64,88,Gd,31-Aug-2013,M. J. MARTIN,2026-09-18
2251.41,0.09,0.08001,0.002049527018606976,,3006.78,,755.3960,,,,,,65,87,Tb,,0,,2-,17.5,,1,h,63000,360,EC+B+,100,,3990,40,64,88,Gd,31-Aug-2013,M. J. MARTIN,2026-09-18
2254.44,,,,,2869.84,,615.38,,,,,,65,87,Tb,,0,,2-,17.5,,1,h,63000,360,EC+B+,100,,3990,40,64,88,Gd,31-Aug-2013,M. J. MARTIN,2026-09-18
2254.54,0.09,0.09525,0.0021068993806064875,,2598.80,,344.2790,M1 E2,,,0.00108,,65,87,Tb,,0,,2-,17.5,,1,h,63000,360,EC+B+,100,,3990,40,64,88,Gd,31-Aug-2013,M. J. MARTIN,2026-09-18
2257.22,0.22,0.014986,0.000962967709739013,,3012.37,,755.3960,,,,,,65,87,Tb,,0,,2-,17.5,,1,h,63000,360,EC+B+,100,,3990,40,64,88,Gd,31-Aug-2013,M. J. MARTIN,2026-09-18
2260.05,0.11,0.0662305,0.001706394412203697,,2604.34,,344.2790,,,,,,65,87,Tb,,0,,2-,17.5,,1,h,63000,360,EC+B+,100,,3990,40,64,88,Gd,31-Aug-2013,M. J. MARTIN,2026-09-18
2262.9,0.4,0.010033,0.0011469246008347716,,,,,,,,,,65,87,Tb,,0,,2-,17.5,,1,h,63000,360,EC+B+,100,,3990,40,64,88,Gd,31-Aug-2013,M. J. MARTIN,2026-09-18
2265.33,0.09,0.08382,0.0020630775554980963,,2880.67,,615.38,,,,,,65,87,Tb,,0,,2-,17.5,,1,h,63000,360,EC+B+,100,,3990,40,64,88,Gd,31-Aug-2013,M. J. MARTIN,2026-09-18
2269.68,0.25,0.0062865,0.0010811330214178087,,,,,,,,,,65,87,Tb,,0,,2-,17.5,,1,h,63000,360,EC+B+,100,,3990,40,64,88,Gd,31-Aug-2013,M. J. MARTIN,2026-09-18
2275.07,0.19,0.017018,0.0014062238939799025,,,,,,,,,,65,87,Tb,,0,,2-,17.5,,1,h,63000,360,EC+B+,100,,3990,40,64,88,Gd,31-Aug-2013,M. J. MARTIN,2026-09-18
2276.87,0.17,0.0163195,0.0015949714386157515,,,,,,,,,,65,87,Tb,,0,,2-,17.5,,1,h,63000,360,EC+B+,100,,3990,40,64,88,Gd,31-Aug-2013,M. J. MARTIN,2026-09-18
2281.44,0.11,0.016002,0.000652752970119631,,,,,,,,,,65,87,Tb,,0,,2-,17.5,,1,h,63000,360,EC+B+,100,,3990,40,64,88,Gd,31-Aug-2013,M. J. MARTIN,2026-09-18
2287.66,0.27,0.0031115,0.0006356802340799972,,,,,,,,,,65,87,Tb,,0,,2-,17.5,,1,h,63000,360,EC+B+,100,,3990,40,64,88,Gd,31-Aug-2013,M. J. MARTIN,2026-09-18
2291.46,0.19,0.007874,0.0007656235106107963,,,,,,,,,,65,87,Tb,,0,,2-,17.5,,1,h,63000,360,EC+B+,100,,3990,40,64,88,Gd,31-Aug-2013,M. J. MARTIN,2026-09-18
2306.15,0.1,0.026797,0.0008634584471762379,,3236.96,,930.560,,,,,,65,87,Tb,,0,,2-,17.5,,1,h,63000,360,EC+B+,100,,3990,40,64,88,Gd,31-Aug-2013,M. J. MARTIN,2026-09-18
2312,0.1,0.0309245,0.0009357894207566145,,3067.42,,755.3960,,,,,,65,87,Tb,,0,,2-,17.5,,1,h,63000,360,EC+B+,100,,3990,40,64,88,Gd,31-Aug-2013,M. J. MARTIN,2026-09-18
2317.61,0.24,0.0065405,0.0006380001880877466,,2932.71,,615.38,,,,,,65,87,Tb,,0,,2-,17.5,,1,h,63000,360,EC+B+,100,,3990,40,64,88,Gd,31-Aug-2013,M. J. MARTIN,2026-09-18
2322.3,0.4,0.00889,0.0019068510691713709,,,,,,,,,,65,87,Tb,,0,,2-,17.5,,1,h,63000,360,EC+B+,100,,3990,40,64,88,Gd,31-Aug-2013,M. J. MARTIN,2026-09-18
2324.32,0.17,0.034925,0.001933371407671066,,3079.66,,755.3960,,,,,,65,87,Tb,,0,,2-,17.5,,1,h,63000,360,EC+B+,100,,3990,40,64,88,Gd,31-Aug-2013,M. J. MARTIN,2026-09-18
2335,0.16,0.009017,0.0005150951756714481,,3090.42,,755.3960,,,,,,65,87,Tb,,0,,2-,17.5,,1,h,63000,360,EC+B+,100,,3990,40,64,88,Gd,31-Aug-2013,M. J. MARTIN,2026-09-18
2342.57,0.09,0.128905,0.002816935214022502,,2686.87,,344.2790,M1+E2+(E0),,,0.00107,,65,87,Tb,,0,,2-,17.5,,1,h,63000,360,EC+B+,100,,3990,40,64,88,Gd,31-Aug-2013,M. J. MARTIN,2026-09-18
2347.53,0.11,0.027813,0.0010494378685753625,,,,,,,,,,65,87,Tb,,0,,2-,17.5,,1,h,63000,360,EC+B+,100,,3990,40,64,88,Gd,31-Aug-2013,M. J. MARTIN,2026-09-18
2350.3,0.15,0.014605,0.0008996471530550186,,3105.52,,755.3960,,,,,,65,87,Tb,,0,,2-,17.5,,1,h,63000,360,EC+B+,100,,3990,40,64,88,Gd,31-Aug-2013,M. J. MARTIN,2026-09-18
2354.19,0.14,0.0165735,0.0010279978404646578,,,,,,,,,,65,87,Tb,,0,,2-,17.5,,1,h,63000,360,EC+B+,100,,3990,40,64,88,Gd,31-Aug-2013,M. J. MARTIN,2026-09-18
2357,,0.001905,0.000018,,,,,E0(+M1 E2),,,,,65,87,Tb,,0,,2-,17.5,,1,h,63000,360,EC+B+,100,,3990,40,64,88,Gd,31-Aug-2013,M. J. MARTIN,2026-09-18
2365.13,0.09,0.36195,0.009525150917439575,,2709.43,,344.2790,E0+M1+E2,,,0.00107,,65,87,Tb,,0,,2-,17.5,,1,h,63000,360,EC+B+,100,,3990,40,64,88,Gd,31-Aug-2013,M. J. MARTIN,2026-09-18
2375.34,0.09,0.777875,0.01807214984444297,,2719.64,,344.2790,M1+E2,0.15,8,0.00116,,65,87,Tb,,0,,2-,17.5,,1,h,63000,360,EC+B+,100,,3990,40,64,88,Gd,31-Aug-2013,M. J. MARTIN,2026-09-18
2382.27,0.16,0.0136525,0.0008983106366953472,,,,,,,,,,65,87,Tb,,0,,2-,17.5,,1,h,63000,360,EC+B+,100,,3990,40,64,88,Gd,31-Aug-2013,M. J. MARTIN,2026-09-18
2384.94,0.09,0.092075,0.0020942600125103857,,2729.17,,344.2790,M1+E2(+E0),,,0.00108,,65,87,Tb,,0,,2-,17.5,,1,h,63000,360,EC+B+,100,,3990,40,64,88,Gd,31-Aug-2013,M. J. MARTIN,2026-09-18
2388.72,0.11,0.02413,0.0007953791548689216,,3143.97,,755.3960,,,,,,65,87,Tb,,0,,2-,17.5,,1,h,63000,360,EC+B+,100,,3990,40,64,88,Gd,31-Aug-2013,M. J. MARTIN,2026-09-18
2398.53,0.26,0.05461,0.006370930544276872,,,,,M1(+E0),,,0.0022,,65,87,Tb,,0,,2-,17.5,,1,h,63000,360,EC+B+,100,,3990,40,64,88,Gd,31-Aug-2013,M. J. MARTIN,2026-09-18
2405,0.09,1.31445,0.028273952677331834,,2749.23,,344.2790,(E2),,,0.000992,,65,87,Tb,,0,,2-,17.5,,1,h,63000,360,EC+B+,100,,3990,40,64,88,Gd,31-Aug-2013,M. J. MARTIN,2026-09-18
2411.45,0.18,0.0051435,0.0005735627341450977,,,,,,,,,,65,87,Tb,,0,,2-,17.5,,1,h,63000,360,EC+B+,100,,3990,40,64,88,Gd,31-Aug-2013,M. J. MARTIN,2026-09-18
2420.43,0.2,0.0055245,0.0005738789855012988,,,,,,,,,,65,87,Tb,,0,,2-,17.5,,1,h,63000,360,EC+B+,100,,3990,40,64,88,Gd,31-Aug-2013,M. J. MARTIN,2026-09-18
2428.36,0.11,0.0588645,0.0016821161345162824,,,,,M1(+E0),,,0.001160,,65,87,Tb,,0,,2-,17.5,,1,h,63000,360,EC+B+,100,,3990,40,64,88,Gd,31-Aug-2013,M. J. MARTIN,2026-09-18
2437.11,0.21,0.008382,0.0006399200262532811,,2437.43,,0,,,,,,65,87,Tb,,0,,2-,17.5,,1,h,63000,360,EC+B+,100,,3990,40,64,88,Gd,31-Aug-2013,M. J. MARTIN,2026-09-18
2440.3,0.4,0.003175,0.0005722868598875917,,,,,,,,,,65,87,Tb,,0,,2-,17.5,,1,h,63000,360,EC+B+,100,,3990,40,64,88,Gd,31-Aug-2013,M. J. MARTIN,2026-09-18
2444.39,0.22,0.0060325,0.0007008218389862005,,,,,,,,,,65,87,Tb,,0,,2-,17.5,,1,h,63000,360,EC+B+,100,,3990,40,64,88,Gd,31-Aug-2013,M. J. MARTIN,2026-09-18
2450.24,0.15,0.00508,0.00044708416433597825,,,,,,,,,,65,87,Tb,,0,,2-,17.5,,1,h,63000,360,EC+B+,100,,3990,40,64,88,Gd,31-Aug-2013,M. J. MARTIN,2026-09-18
2462.73,0.21,0.0048895,0.0005100965006741372,,,,,,,,,,65,87,Tb,,0,,2-,17.5,,1,h,63000,360,EC+B+,100,,3990,40,64,88,Gd,31-Aug-2013,M. J. MARTIN,2026-09-18
2465.5,,,,,,,,E0(+M1 E2),,,,,65,87,Tb,,0,,2-,17.5,,1,h,63000,360,EC+B+,100,,3990,40,64,88,Gd,31-Aug-2013,M. J. MARTIN,2026-09-18
2469.72,0.14,0.0092075,0.000578084120176294,,,,,,,,,,65,87,Tb,,0,,2-,17.5,,1,h,63000,360,EC+B+,100,,3990,40,64,88,Gd,31-Aug-2013,M. J. MARTIN,2026-09-18
2472.44,0.15,0.011303,0.0005813935758159012,,,,,,,,,,65,87,Tb,,0,,2-,17.5,,1,h,63000,360,EC+B+,100,,3990,40,64,88,Gd,31-Aug-2013,M. J. MARTIN,2026-09-18
2479.26,0.22,0.010287,0.0007052305225952717,,,,,,,,,,65,87,Tb,,0,,2-,17.5,,1,h,63000,360,EC+B+,100,,3990,40,64,88,Gd,31-Aug-2013,M. J. MARTIN,2026-09-18
2481.8,0.3,0.004826,0.0006999868641624641,,3236.96,,755.3960,,,,,,65,87,Tb,,0,,2-,17.5,,1,h,63000,360,EC+B+,100,,3990,40,64,88,Gd,31-Aug-2013,M. J. MARTIN,2026-09-18
2488.97,0.12,0.0247015,0.0010424641768425427,,,,,,,,,,65,87,Tb,,0,,2-,17.5,,1,h,63000,360,EC+B+,100,,3990,40,64,88,Gd,31-Aug-2013,M. J. MARTIN,2026-09-18
2491.4,,0.001905,0.000018,,,,,,,,,,65,87,Tb,,0,,2-,17.5,,1,h,63000,360,EC+B+,100,,3990,40,64,88,Gd,31-Aug-2013,M. J. MARTIN,2026-09-18
2495.53,0.09,0.08763,0.0020771636911904655,,3110.93,,615.38,M1 E2,,,0.00108,,65,87,Tb,,0,,2-,17.5,,1,h,63000,360,EC+B+,100,,3990,40,64,88,Gd,31-Aug-2013,M. J. MARTIN,2026-09-18
2503.96,0.22,0.0052705,0.0006369497939398363,,,,,,,,,,65,87,Tb,,0,,2-,17.5,,1,h,63000,360,EC+B+,100,,3990,40,64,88,Gd,31-Aug-2013,M. J. MARTIN,2026-09-18
2506.3,,,,,,,,(E0+M1+E2),,,0.00108,,65,87,Tb,,0,,2-,17.5,,1,h,63000,360,EC+B+,100,,3990,40,64,88,Gd,31-Aug-2013,M. J. MARTIN,2026-09-18
2507.8,0.4,0.0028575,0.0006355737565381378,,,,,,,,,,65,87,Tb,,0,,2-,17.5,,1,h,63000,360,EC+B+,100,,3990,40,64,88,Gd,31-Aug-2013,M. J. MARTIN,2026-09-18
2513.9,0.4,0.0045085,0.0011437935827761931,,2513.9,,0,,,,,,65,87,Tb,,0,,2-,17.5,,1,h,63000,360,EC+B+,100,,3990,40,64,88,Gd,31-Aug-2013,M. J. MARTIN,2026-09-18
2518.42,0.09,0.113665,0.0027577302261098707,,2862.66,,344.2790,,,,,,65,87,Tb,,0,,2-,17.5,,1,h,63000,360,EC+B+,100,,3990,40,64,88,Gd,31-Aug-2013,M. J. MARTIN,2026-09-18
2523.92,0.09,0.083185,0.0020607816478220103,,2523.81,,0,(E2),,,0.001006,,65,87,Tb,,0,,2-,17.5,,1,h,63000,360,EC+B+,100,,3990,40,64,88,Gd,31-Aug-2013,M. J. MARTIN,2026-09-18
2525.43,,,,,2869.84,,344.2790,,,,,,65,87,Tb,,0,,2-,17.5,,1,h,63000,360,EC+B+,100,,3990,40,64,88,Gd,31-Aug-2013,M. J. MARTIN,2026-09-18
2536.3,0.07,0.250825,0.007376118559242388,,2880.67,,344.2790,M1,,,0.001165,,65,87,Tb,,0,,2-,17.5,,1,h,63000,360,EC+B+,100,,3990,40,64,88,Gd,31-Aug-2013,M. J. MARTIN,2026-09-18
2544.58,0.18,0.004699,0.0005732221297193611,,,,,,,,,,65,87,Tb,,0,,2-,17.5,,1,h,63000,360,EC+B+,100,,3990,40,64,88,Gd,31-Aug-2013,M. J. MARTIN,2026-09-18
2548.1,0.25,0.005588,0.0005107365661473633,,,,,,,,,,65,87,Tb,,0,,2-,17.5,,1,h,63000,360,EC+B+,100,,3990,40,64,88,Gd,31-Aug-2013,M. J. MARTIN,2026-09-18
2551.48,0.11,0.030607,0.0008150341342545108,,,,,M1 E2,,,0.00109,,65,87,Tb,,0,,2-,17.5,,1,h,63000,360,EC+B+,100,,3990,40,64,88,Gd,31-Aug-2013,M. J. MARTIN,2026-09-18
2555.34,0.18,0.012192,0.0006453650439867347,,,,,,,,,,65,87,Tb,,0,,2-,17.5,,1,h,63000,360,EC+B+,100,,3990,40,64,88,Gd,31-Aug-2013,M. J. MARTIN,2026-09-18
2557.91,0.12,0.0247015,0.0007969438876106648,,2557.87,,0,,,,,,65,87,Tb,,0,,2-,17.5,,1,h,63000,360,EC+B+,100,,3990,40,64,88,Gd,31-Aug-2013,M. J. MARTIN,2026-09-18
2569.85,0.1,0.160655,0.0041012710225002205,,2914.19,,344.2790,(M1 E2),,,0.00109,,65,87,Tb,,0,,2-,17.5,,1,h,63000,360,EC+B+,100,,3990,40,64,88,Gd,31-Aug-2013,M. J. MARTIN,2026-09-18
2572.6,0.4,0.0146685,0.0014038585968679325,,,,,,,,,,65,87,Tb,,0,,2-,17.5,,1,h,63000,360,EC+B+,100,,3990,40,64,88,Gd,31-Aug-2013,M. J. MARTIN,2026-09-18
2575.82,0.17,0.028321,0.001235820379343212,,2920.10,,344.2790,,,,,,65,87,Tb,,0,,2-,17.5,,1,h,63000,360,EC+B+,100,,3990,40,64,88,Gd,31-Aug-2013,M. J. MARTIN,2026-09-18
2579.82,0.17,0.0334645,0.001432337753464594,,,,,,,,,,65,87,Tb,,0,,2-,17.5,,1,h,63000,360,EC+B+,100,,3990,40,64,88,Gd,31-Aug-2013,M. J. MARTIN,2026-09-18
2583,0.4,0.029845,0.0050878211446551466,,2927.86,,344.2790,,,,,,65,87,Tb,,0,,2-,17.5,,1,h,63000,360,EC+B+,100,,3990,40,64,88,Gd,31-Aug-2013,M. J. MARTIN,2026-09-18
2584.89,0.27,0.055245,0.005106748867919785,,2928.68,,344.2790,,,,,,65,87,Tb,,0,,2-,17.5,,1,h,63000,360,EC+B+,100,,3990,40,64,88,Gd,31-Aug-2013,M. J. MARTIN,2026-09-18
2588.36,0.08,0.362585,0.008354751701876006,,2932.71,,344.2790,M1 E2(+E0),,,0.00109,,65,87,Tb,,0,,2-,17.5,,1,h,63000,360,EC+B+,100,,3990,40,64,88,Gd,31-Aug-2013,M. J. MARTIN,2026-09-18
2597.04,0.16,0.012192,0.0006453650439867347,,,,,,,,,,65,87,Tb,,0,,2-,17.5,,1,h,63000,360,EC+B+,100,,3990,40,64,88,Gd,31-Aug-2013,M. J. MARTIN,2026-09-18
2600.69,0.18,0.028321,0.0014848131229215345,,,,,,,,,,65,87,Tb,,0,,2-,17.5,,1,h,63000,360,EC+B+,100,,3990,40,64,88,Gd,31-Aug-2013,M. J. MARTIN,2026-09-18
2602.85,0.11,0.0635,0.001997254365372623,,3358.27,,755.3960,(E2),,,,,65,87,Tb,,0,,2-,17.5,,1,h,63000,360,EC+B+,100,,3990,40,64,88,Gd,31-Aug-2013,M. J. MARTIN,2026-09-18
2619.61,0.09,0.26162,0.006226717353469643,,,,,M1 E2,,,0.00110,,65,87,Tb,,0,,2-,17.5,,1,h,63000,360,EC+B+,100,,3990,40,64,88,Gd,31-Aug-2013,M. J. MARTIN,2026-09-18
2629.74,0.13,0.0050165,0.0003839371823619067,,,,,,,,,,65,87,Tb,,0,,2-,17.5,,1,h,63000,360,EC+B+,100,,3990,40,64,88,Gd,31-Aug-2013,M. J. MARTIN,2026-09-18
2636.93,0.1,0.0269875,0.0006842879510849215,,2981.45,,344.2790,,,,,,65,87,Tb,,0,,2-,17.5,,1,h,63000,360,EC+B+,100,,3990,40,64,88,Gd,31-Aug-2013,M. J. MARTIN,2026-09-18
2644.74,0.16,0.0172085,0.0010916771546569985,,2989.03,,344.2790,,,,,,65,87,Tb,,0,,2-,17.5,,1,h,63000,360,EC+B+,100,,3990,40,64,88,Gd,31-Aug-2013,M. J. MARTIN,2026-09-18
2655.29,0.1,0.055372,0.0016714946873980785,,2999.55,,344.2790,M1 E2,,,0.00110,,65,87,Tb,,0,,2-,17.5,,1,h,63000,360,EC+B+,100,,3990,40,64,88,Gd,31-Aug-2013,M. J. MARTIN,2026-09-18
2662.55,0.1,0.170815,0.003561687942535112,,3006.78,,344.2790,M1+E2,,,0.001027,,65,87,Tb,,0,,2-,17.5,,1,h,63000,360,EC+B+,100,,3990,40,64,88,Gd,31-Aug-2013,M. J. MARTIN,2026-09-18
2665.18,0.12,0.067945,0.002010270877270026,,3009.23,,344.2790,,,,,,65,87,Tb,,0,,2-,17.5,,1,h,63000,360,EC+B+,100,,3990,40,64,88,Gd,31-Aug-2013,M. J. MARTIN,2026-09-18
2668.13,0.1,0.130175,0.0028221445746098835,,3012.37,,344.2790,M1 E2,,,0.00110,,65,87,Tb,,0,,2-,17.5,,1,h,63000,360,EC+B+,100,,3990,40,64,88,Gd,31-Aug-2013,M. J. MARTIN,2026-09-18
2678.03,0.17,0.0111125,0.000706347825083365,,,,,,,,,,65,87,Tb,,0,,2-,17.5,,1,h,63000,360,EC+B+,100,,3990,40,64,88,Gd,31-Aug-2013,M. J. MARTIN,2026-09-18
2680.88,0.11,0.038227,0.0010782956180936654,,,,,,,,,,65,87,Tb,,0,,2-,17.5,,1,h,63000,360,EC+B+,100,,3990,40,64,88,Gd,31-Aug-2013,M. J. MARTIN,2026-09-18
2687.39,0.12,0.01651,0.0005314132102234569,,,,,,,,,,65,87,Tb,,0,,2-,17.5,,1,h,63000,360,EC+B+,100,,3990,40,64,88,Gd,31-Aug-2013,M. J. MARTIN,2026-09-18
2694.48,0.11,0.049784,0.0015343847007839983,,,,,M1(+E0),,,0.001182,,65,87,Tb,,0,,2-,17.5,,1,h,63000,360,EC+B+,100,,3990,40,64,88,Gd,31-Aug-2013,M. J. MARTIN,2026-09-18
2697.99,0.1,0.1778,0.004163952449296221,,3042.29,,344.2790,M1(+E2),0.22,LE,,,65,87,Tb,,0,,2-,17.5,,1,h,63000,360,EC+B+,100,,3990,40,64,88,Gd,31-Aug-2013,M. J. MARTIN,2026-09-18
2702.98,0.1,0.0630555,0.0016363232076823944,,,,,M1 E2,,,0.00111,,65,87,Tb,,0,,2-,17.5,,1,h,63000,360,EC+B+,100,,3990,40,64,88,Gd,31-Aug-2013,M. J. MARTIN,2026-09-18
2709.47,0.09,0.17399,0.004149558530735529,,2709.43,,0,E2,,,0.001036,,65,87,Tb,,0,,2-,17.5,,1,h,63000,360,EC+B+,100,,3990,40,64,88,Gd,31-Aug-2013,M. J. MARTIN,2026-09-18
2719.61,0.08,0.254635,0.006200811317884136,,2719.64,,0,(E2),,,0.001038,,65,87,Tb,,0,,2-,17.5,,1,h,63000,360,EC+B+,100,,3990,40,64,88,Gd,31-Aug-2013,M. J. MARTIN,2026-09-18
2722.45,0.15,0.060325,0.0026031711430484165,,,,,,,,,,65,87,Tb,,0,,2-,17.5,,1,h,63000,360,EC+B+,100,,3990,40,64,88,Gd,31-Aug-2013,M. J. MARTIN,2026-09-18
2729.25,0.11,0.0165735,0.00059256713543699,,2729.17,,0,,,,,,65,87,Tb,,0,,2-,17.5,,1,h,63000,360,EC+B+,100,,3990,40,64,88,Gd,31-Aug-2013,M. J. MARTIN,2026-09-18
2734.06,0.1,0.09017,0.0020868466642281125,,2734.07,,0,E1,,,0.00126,,65,87,Tb,,0,,2-,17.5,,1,h,63000,360,EC+B+,100,,3990,40,64,88,Gd,31-Aug-2013,M. J. MARTIN,2026-09-18
2740.93,0.12,0.024892,0.0007974729086307571,,,,,M1(+E0),,,0.0011,,65,87,Tb,,0,,2-,17.5,,1,h,63000,360,EC+B+,100,,3990,40,64,88,Gd,31-Aug-2013,M. J. MARTIN,2026-09-18
2744.1,0.1,0.07747,0.002040796168165748,,2744.04,,0,E1,,,0.001263,,65,87,Tb,,0,,2-,17.5,,1,h,63000,360,EC+B+,100,,3990,40,64,88,Gd,31-Aug-2013,M. J. MARTIN,2026-09-18
2754.7,0.1,0.098425,0.002119887968737971,,3099.02,,344.2790,M1 E2,,,0.00112,,65,87,Tb,,0,,2-,17.5,,1,h,63000,360,EC+B+,100,,3990,40,64,88,Gd,31-Aug-2013,M. J. MARTIN,2026-09-18
2761.15,0.12,0.011049,0.0004565956745305413,,3105.52,,344.2790,,,,,,65,87,Tb,,0,,2-,17.5,,1,h,63000,360,EC+B+,100,,3990,40,64,88,Gd,31-Aug-2013,M. J. MARTIN,2026-09-18
2768.27,0.1,0.0262255,0.0006816376163329016,,3112.53,,344.2790,,,,,,65,87,Tb,,0,,2-,17.5,,1,h,63000,360,EC+B+,100,,3990,40,64,88,Gd,31-Aug-2013,M. J. MARTIN,2026-09-18
2772.44,0.18,0.00508,0.0003211078479265183,,2772.40,,0,,,,,,65,87,Tb,,0,,2-,17.5,,1,h,63000,360,EC+B+,100,,3990,40,64,88,Gd,31-Aug-2013,M. J. MARTIN,2026-09-18
2776.04,0.27,0.008128,0.0007027093922810482,,,,,,,,,,65,87,Tb,,0,,2-,17.5,,1,h,63000,360,EC+B+,100,,3990,40,64,88,Gd,31-Aug-2013,M. J. MARTIN,2026-09-18
2778.28,0.12,0.0250825,0.00079800563907782,,,,,M1 E2,,,0.00112,,65,87,Tb,,0,,2-,17.5,,1,h,63000,360,EC+B+,100,,3990,40,64,88,Gd,31-Aug-2013,M. J. MARTIN,2026-09-18
2787.86,0.11,0.022606,0.0006101124568470963,,,,,M1 E2,,,0.00112,,65,87,Tb,,0,,2-,17.5,,1,h,63000,360,EC+B+,100,,3990,40,64,88,Gd,31-Aug-2013,M. J. MARTIN,2026-09-18
2793.27,0.14,0.019558,0.0007225325528998676,,,,,,,,,,65,87,Tb,,0,,2-,17.5,,1,h,63000,360,EC+B+,100,,3990,40,64,88,Gd,31-Aug-2013,M. J. MARTIN,2026-09-18
2795.92,0.11,0.06604,0.0015882179478900243,,3140.21,,344.2790,,,,,,65,87,Tb,,0,,2-,17.5,,1,h,63000,360,EC+B+,100,,3990,40,64,88,Gd,31-Aug-2013,M. J. MARTIN,2026-09-18
2799.81,0.14,0.011303,0.00045715040194666787,,3143.97,,344.2790,,,,,,65,87,Tb,,0,,2-,17.5,,1,h,63000,360,EC+B+,100,,3990,40,64,88,Gd,31-Aug-2013,M. J. MARTIN,2026-09-18
2808.61,0.1,0.044196,0.0010984742873640693,,3152.89,,344.2790,E1,,,0.001291,,65,87,Tb,,0,,2-,17.5,,1,h,63000,360,EC+B+,100,,3990,40,64,88,Gd,31-Aug-2013,M. J. MARTIN,2026-09-18
2816.84,0.15,0.01016,0.00039290838626835137,,,,,,,,,,65,87,Tb,,0,,2-,17.5,,1,h,63000,360,EC+B+,100,,3990,40,64,88,Gd,31-Aug-2013,M. J. MARTIN,2026-09-18
2820.43,0.12,0.020828,0.0006044356789601355,,,,,M1 E2,,,0.00113,,65,87,Tb,,0,,2-,17.5,,1,h,63000,360,EC+B+,100,,3990,40,64,88,Gd,31-Aug-2013,M. J. MARTIN,2026-09-18
2824.2,0.3,0.004318,0.0003831783396801025,,,,,,,,,,65,87,Tb,,0,,2-,17.5,,1,h,63000,360,EC+B+,100,,3990,40,64,88,Gd,31-Aug-2013,M. J. MARTIN,2026-09-18
2833.5,0.12,0.011684,0.0003361464115530612,,,,,(M1),,,0.001205,,65,87,Tb,,0,,2-,17.5,,1,h,63000,360,EC+B+,100,,3990,40,64,88,Gd,31-Aug-2013,M. J. MARTIN,2026-09-18
2838.15,0.11,0.023622,0.0005548713724819474,,,,,E2(+M1),,,0.00113,,65,87,Tb,,0,,2-,17.5,,1,h,63000,360,EC+B+,100,,3990,40,64,88,Gd,31-Aug-2013,M. J. MARTIN,2026-09-18
2845.25,0.12,0.0090805,0.0003288888718093089,,,,,,,,,,65,87,Tb,,0,,2-,17.5,,1,h,63000,360,EC+B+,100,,3990,40,64,88,Gd,31-Aug-2013,M. J. MARTIN,2026-09-18
2859.06,0.13,0.0206375,0.0006642665127793211,,,,,,,,,,65,87,Tb,,0,,2-,17.5,,1,h,63000,360,EC+B+,100,,3990,40,64,88,Gd,31-Aug-2013,M. J. MARTIN,2026-09-18
2861.75,0.11,0.041275,0.001029250333981,,,,,,,,,,65,87,Tb,,0,,2-,17.5,,1,h,63000,360,EC+B+,100,,3990,40,64,88,Gd,31-Aug-2013,M. J. MARTIN,2026-09-18
2869.24,0.11,0.0476885,0.0011114388692141373,,,,,M1,,,0.001212,,65,87,Tb,,0,,2-,17.5,,1,h,63000,360,EC+B+,100,,3990,40,64,88,Gd,31-Aug-2013,M. J. MARTIN,2026-09-18
2873.2,0.4,0.00254,0.000381755157136089,,,,,,,,,,65,87,Tb,,0,,2-,17.5,,1,h,63000,360,EC+B+,100,,3990,40,64,88,Gd,31-Aug-2013,M. J. MARTIN,2026-09-18
2878,,,,,,,,E0(+M1 E2),,,0.00114,,65,87,Tb,,0,,2-,17.5,,1,h,63000,360,EC+B+,100,,3990,40,64,88,Gd,31-Aug-2013,M. J. MARTIN,2026-09-18
2882.39,0.11,0.0728345,0.0017302530132902528,,,,,,,,,,65,87,Tb,,0,,2-,17.5,,1,h,63000,360,EC+B+,100,,3990,40,64,88,Gd,31-Aug-2013,M. J. MARTIN,2026-09-18
2887.52,0.13,0.0154305,0.0005285088835582615,,3232.06,,344.2790,,,,,,65,87,Tb,,0,,2-,17.5,,1,h,63000,360,EC+B+,100,,3990,40,64,88,Gd,31-Aug-2013,M. J. MARTIN,2026-09-18
2890.21,0.12,0.0301625,0.0007544052293031909,,,,,,,,,,65,87,Tb,,0,,2-,17.5,,1,h,63000,360,EC+B+,100,,3990,40,64,88,Gd,31-Aug-2013,M. J. MARTIN,2026-09-18
2893.15,0.11,0.0380365,0.0009003436066302687,,,,,,,,,,65,87,Tb,,0,,2-,17.5,,1,h,63000,360,EC+B+,100,,3990,40,64,88,Gd,31-Aug-2013,M. J. MARTIN,2026-09-18
2902,,,,,,,,(E0+M1+E2),,,0.00115,,65,87,Tb,,0,,2-,17.5,,1,h,63000,360,EC+B+,100,,3990,40,64,88,Gd,31-Aug-2013,M. J. MARTIN,2026-09-18
2906.48,0.15,0.045847,0.0015233917716726713,,,,,E1,,,0.001329,,65,87,Tb,,0,,2-,17.5,,1,h,63000,360,EC+B+,100,,3990,40,64,88,Gd,31-Aug-2013,M. J. MARTIN,2026-09-18
2910,0.6,0.002413,0.000381681595050115,,,,,,,,,,65,87,Tb,,0,,2-,17.5,,1,h,63000,360,EC+B+,100,,3990,40,64,88,Gd,31-Aug-2013,M. J. MARTIN,2026-09-18
2914.42,0.14,0.0076835,0.000387855333855292,,2914.19,,0,,,,,,65,87,Tb,,0,,2-,17.5,,1,h,63000,360,EC+B+,100,,3990,40,64,88,Gd,31-Aug-2013,M. J. MARTIN,2026-09-18
2918.46,0.21,0.006858,0.0003240451974647981,,,,,,,,,,65,87,Tb,,0,,2-,17.5,,1,h,63000,360,EC+B+,100,,3990,40,64,88,Gd,31-Aug-2013,M. J. MARTIN,2026-09-18
2921.85,0.14,0.013462,0.0004623419621881622,,,,,,,,,,65,87,Tb,,0,,2-,17.5,,1,h,63000,360,EC+B+,100,,3990,40,64,88,Gd,31-Aug-2013,M. J. MARTIN,2026-09-18
2927.29,0.11,0.0353695,0.0008905840162500111,,,,,M1 E2,,,0.00115,,65,87,Tb,,0,,2-,17.5,,1,h,63000,360,EC+B+,100,,3990,40,64,88,Gd,31-Aug-2013,M. J. MARTIN,2026-09-18
2936,,,,,,,,(E0+M1+E2),,,,,65,87,Tb,,0,,2-,17.5,,1,h,63000,360,EC+B+,100,,3990,40,64,88,Gd,31-Aug-2013,M. J. MARTIN,2026-09-18
2940.75,0.11,0.07239,0.0016704586196610797,,3285.17,,344.2790,M1 E2,,,0.00116,,65,87,Tb,,0,,2-,17.5,,1,h,63000,360,EC+B+,100,,3990,40,64,88,Gd,31-Aug-2013,M. J. MARTIN,2026-09-18
2945.9,0.4,0.0020955,0.0003181167867309111,,,,,,,,,,65,87,Tb,,0,,2-,17.5,,1,h,63000,360,EC+B+,100,,3990,40,64,88,Gd,31-Aug-2013,M. J. MARTIN,2026-09-18
2950.5,0.3,0.0031115,0.0003821326471266228,,,,,E0+M1+E2,,,0.0038,,65,87,Tb,,0,,2-,17.5,,1,h,63000,360,EC+B+,100,,3990,40,64,88,Gd,31-Aug-2013,M. J. MARTIN,2026-09-18
2961,0.12,0.0165735,0.00047127890892761156,,,,,,,,,,65,87,Tb,,0,,2-,17.5,,1,h,63000,360,EC+B+,100,,3990,40,64,88,Gd,31-Aug-2013,M. J. MARTIN,2026-09-18
2971.46,0.14,0.0078105,0.0003259642465056559,,,,,,,,,,65,87,Tb,,0,,2-,17.5,,1,h,63000,360,EC+B+,100,,3990,40,64,88,Gd,31-Aug-2013,M. J. MARTIN,2026-09-18
2980.07,0.11,0.030353,0.0006967634031721241,,,,,,,,,,65,87,Tb,,0,,2-,17.5,,1,h,63000,360,EC+B+,100,,3990,40,64,88,Gd,31-Aug-2013,M. J. MARTIN,2026-09-18
2983.78,0.11,0.0174625,0.0004741363200599591,,,,,,,,,,65,87,Tb,,0,,2-,17.5,,1,h,63000,360,EC+B+,100,,3990,40,64,88,Gd,31-Aug-2013,M. J. MARTIN,2026-09-18
2993.14,0.15,0.017907,0.0005354368683607807,,,,,,,,,,65,87,Tb,,0,,2-,17.5,,1,h,63000,360,EC+B+,100,,3990,40,64,88,Gd,31-Aug-2013,M. J. MARTIN,2026-09-18
2996.26,0.12,0.027432,0.0006858641556459997,,3340.65,,344.2790,,,,,,65,87,Tb,,0,,2-,17.5,,1,h,63000,360,EC+B+,100,,3990,40,64,88,Gd,31-Aug-2013,M. J. MARTIN,2026-09-18
2999.69,0.16,0.0316865,0.0005896646165406231,,2999.55,,0,,,,,,65,87,Tb,,0,,2-,17.5,,1,h,63000,360,EC+B+,100,,3990,40,64,88,Gd,31-Aug-2013,M. J. MARTIN,2026-09-18
3006.63,0.14,0.007493,0.00026368283979053323,,3006.78,,0,,,,,,65,87,Tb,,0,,2-,17.5,,1,h,63000,360,EC+B+,100,,3990,40,64,88,Gd,31-Aug-2013,M. J. MARTIN,2026-09-18
3014.77,0.13,0.01397,0.0003438462592496827,,,,,,,,,,65,87,Tb,,0,,2-,17.5,,1,h,63000,360,EC+B+,100,,3990,40,64,88,Gd,31-Aug-2013,M. J. MARTIN,2026-09-18
3018.13,0.15,0.0070485,0.0002625862905789257,,,,,,,,,,65,87,Tb,,0,,2-,17.5,,1,h,63000,360,EC+B+,100,,3990,40,64,88,Gd,31-Aug-2013,M. J. MARTIN,2026-09-18
3022.5,0.14,0.01397,0.0005248695075921252,,,,,,,,,,65,87,Tb,,0,,2-,17.5,,1,h,63000,360,EC+B+,100,,3990,40,64,88,Gd,31-Aug-2013,M. J. MARTIN,2026-09-18
3024.93,0.17,0.007874,0.00038819629055414736,,,,,,,,,,65,87,Tb,,0,,2-,17.5,,1,h,63000,360,EC+B+,100,,3990,40,64,88,Gd,31-Aug-2013,M. J. MARTIN,2026-09-18
3037.62,0.22,0.0055245,0.0003217624745056515,,,,,,,,,,65,87,Tb,,0,,2-,17.5,,1,h,63000,360,EC+B+,100,,3990,40,64,88,Gd,31-Aug-2013,M. J. MARTIN,2026-09-18
3042.64,0.12,0.0697865,0.0016024570540267217,,,,,,,,,,65,87,Tb,,0,,2-,17.5,,1,h,63000,360,EC+B+,100,,3990,40,64,88,Gd,31-Aug-2013,M. J. MARTIN,2026-09-18
3056.19,0.12,0.0200025,0.0005420193723475205,,,,,,,,,,65,87,Tb,,0,,2-,17.5,,1,h,63000,360,EC+B+,100,,3990,40,64,88,Gd,31-Aug-2013,M. J. MARTIN,2026-09-18
3059.53,0.2,0.0060325,0.0003225759600466222,,,,,,,,,,65,87,Tb,,0,,2-,17.5,,1,h,63000,360,EC+B+,100,,3990,40,64,88,Gd,31-Aug-2013,M. J. MARTIN,2026-09-18
3068.25,0.15,0.0080645,0.000326515987357434,,,,,,,,,,65,87,Tb,,0,,2-,17.5,,1,h,63000,360,EC+B+,100,,3990,40,64,88,Gd,31-Aug-2013,M. J. MARTIN,2026-09-18
3085.05,0.15,0.009398,0.00032968422770887905,,,,,,,,,,65,87,Tb,,0,,2-,17.5,,1,h,63000,360,EC+B+,100,,3990,40,64,88,Gd,31-Aug-2013,M. J. MARTIN,2026-09-18
3088.6,0.17,0.0057785,0.0002598021554952922,,,,,,,,,,65,87,Tb,,0,,2-,17.5,,1,h,63000,360,EC+B+,100,,3990,40,64,88,Gd,31-Aug-2013,M. J. MARTIN,2026-09-18
3094.73,0.12,0.013335,0.00040129415644885735,,,,,,,,,,65,87,Tb,,0,,2-,17.5,,1,h,63000,360,EC+B+,100,,3990,40,64,88,Gd,31-Aug-2013,M. J. MARTIN,2026-09-18
3105.45,0.16,0.010922,0.00045632279145359374,,3105.52,,0,,,,,,65,87,Tb,,0,,2-,17.5,,1,h,63000,360,EC+B+,100,,3990,40,64,88,Gd,31-Aug-2013,M. J. MARTIN,2026-09-18
3107.88,0.14,0.016002,0.0005300239994566284,,,,,,,,,,65,87,Tb,,0,,2-,17.5,,1,h,63000,360,EC+B+,100,,3990,40,64,88,Gd,31-Aug-2013,M. J. MARTIN,2026-09-18
3112.3,0.3,0.00254,0.00019200585928559575,,3112.53,,0,,,,,,65,87,Tb,,0,,2-,17.5,,1,h,63000,360,EC+B+,100,,3990,40,64,88,Gd,31-Aug-2013,M. J. MARTIN,2026-09-18
3115.6,0.3,0.0018161,0.0001596747572410868,,,,,,,,,,65,87,Tb,,0,,2-,17.5,,1,h,63000,360,EC+B+,100,,3990,40,64,88,Gd,31-Aug-2013,M. J. MARTIN,2026-09-18
3122.25,0.18,0.0027305,0.00019223914793818663,,,,,,,,,,65,87,Tb,,0,,2-,17.5,,1,h,63000,360,EC+B+,100,,3990,40,64,88,Gd,31-Aug-2013,M. J. MARTIN,2026-09-18
3132.3,0.4,0.0026035,0.0002551884793637832,,,,,,,,,,65,87,Tb,,0,,2-,17.5,,1,h,63000,360,EC+B+,100,,3990,40,64,88,Gd,31-Aug-2013,M. J. MARTIN,2026-09-18
3135,0.3,0.0043815,0.00032018777303326245,,,,,,,,,,65,87,Tb,,0,,2-,17.5,,1,h,63000,360,EC+B+,100,,3990,40,64,88,Gd,31-Aug-2013,M. J. MARTIN,2026-09-18
3140.2,0.12,0.018288,0.0004769067938287313,,3140.21,,0,,,,,,65,87,Tb,,0,,2-,17.5,,1,h,63000,360,EC+B+,100,,3990,40,64,88,Gd,31-Aug-2013,M. J. MARTIN,2026-09-18
3147.2,0.6,0.001143,0.0001908058961353134,,,,,,,,,,65,87,Tb,,0,,2-,17.5,,1,h,63000,360,EC+B+,100,,3990,40,64,88,Gd,31-Aug-2013,M. J. MARTIN,2026-09-18
3154.42,0.14,0.011811,0.0003365424341743549,,,,,,,,,,65,87,Tb,,0,,2-,17.5,,1,h,63000,360,EC+B+,100,,3990,40,64,88,Gd,31-Aug-2013,M. J. MARTIN,2026-09-18
3158.87,0.12,0.033401,0.0008247710955168107,,,,,,,,,,65,87,Tb,,0,,2-,17.5,,1,h,63000,360,EC+B+,100,,3990,40,64,88,Gd,31-Aug-2013,M. J. MARTIN,2026-09-18
3162.3,0.4,0.01143,0.0012745838536557725,,,,,,,,,,65,87,Tb,,0,,2-,17.5,,1,h,63000,360,EC+B+,100,,3990,40,64,88,Gd,31-Aug-2013,M. J. MARTIN,2026-09-18
3164.54,0.18,0.04826,0.001530031453925049,,,,,,,,,,65,87,Tb,,0,,2-,17.5,,1,h,63000,360,EC+B+,100,,3990,40,64,88,Gd,31-Aug-2013,M. J. MARTIN,2026-09-18
3166.9,0.21,0.012827,0.0010862825092948886,,,,,,,,,,65,87,Tb,,0,,2-,17.5,,1,h,63000,360,EC+B+,100,,3990,40,64,88,Gd,31-Aug-2013,M. J. MARTIN,2026-09-18
3174.02,0.12,0.020066,0.0005422288815620208,,,,,,,,,,65,87,Tb,,0,,2-,17.5,,1,h,63000,360,EC+B+,100,,3990,40,64,88,Gd,31-Aug-2013,M. J. MARTIN,2026-09-18
3180.51,0.22,0.00196215,0.00015982895263374531,,,,,,,,,,65,87,Tb,,0,,2-,17.5,,1,h,63000,360,EC+B+,100,,3990,40,64,88,Gd,31-Aug-2013,M. J. MARTIN,2026-09-18
3190.1,0.3,0.015367,0.0011521857662720885,,,,,,,,,,65,87,Tb,,0,,2-,17.5,,1,h,63000,360,EC+B+,100,,3990,40,64,88,Gd,31-Aug-2013,M. J. MARTIN,2026-09-18
3194.5,0.3,0.0029845,0.00019257593307576106,,,,,,,,,,65,87,Tb,,0,,2-,17.5,,1,h,63000,360,EC+B+,100,,3990,40,64,88,Gd,31-Aug-2013,M. J. MARTIN,2026-09-18
3205.6,0.21,0.0306705,0.0007562316377936062,,,,,,,,,,65,87,Tb,,0,,2-,17.5,,1,h,63000,360,EC+B+,100,,3990,40,64,88,Gd,31-Aug-2013,M. J. MARTIN,2026-09-18
3211.7,0.3,0.003175,0.0002557655176133014,,,,,,,,,,65,87,Tb,,0,,2-,17.5,,1,h,63000,360,EC+B+,100,,3990,40,64,88,Gd,31-Aug-2013,M. J. MARTIN,2026-09-18
3223.8,0.17,0.0241935,0.0010414,,,,,,,,,,65,87,Tb,,0,,2-,17.5,,1,h,63000,360,EC+B+,100,,3990,40,64,88,Gd,31-Aug-2013,M. J. MARTIN,2026-09-18
3228.75,0.13,0.0132715,0.000341366972626234,,,,,,,,,,65,87,Tb,,0,,2-,17.5,,1,h,63000,360,EC+B+,100,,3990,40,64,88,Gd,31-Aug-2013,M. J. MARTIN,2026-09-18
3232.48,0.16,0.005461,0.0001973646624905279,,,,,,,,,,65,87,Tb,,0,,2-,17.5,,1,h,63000,360,EC+B+,100,,3990,40,64,88,Gd,31-Aug-2013,M. J. MARTIN,2026-09-18
3236.76,0.18,0.003175,0.00016155977995776052,,,,,,,,,,65,87,Tb,,0,,2-,17.5,,1,h,63000,360,EC+B+,100,,3990,40,64,88,Gd,31-Aug-2013,M. J. MARTIN,2026-09-18
3244.9,0.22,0.00229235,0.0001665147609072541,,,,,,,,,,65,87,Tb,,0,,2-,17.5,,1,h,63000,360,EC+B+,100,,3990,40,64,88,Gd,31-Aug-2013,M. J. MARTIN,2026-09-18
3251.04,0.17,0.00381,0.00019387173594931261,,,,,,,,,,65,87,Tb,,0,,2-,17.5,,1,h,63000,360,EC+B+,100,,3990,40,64,88,Gd,31-Aug-2013,M. J. MARTIN,2026-09-18
3261,0.5,0.0008255,0.00019065961816808509,,,,,,,,,,65,87,Tb,,0,,2-,17.5,,1,h,63000,360,EC+B+,100,,3990,40,64,88,Gd,31-Aug-2013,M. J. MARTIN,2026-09-18
3265.88,0.22,0.004445,0.00025744902408049637,,,,,,,,,,65,87,Tb,,0,,2-,17.5,,1,h,63000,360,EC+B+,100,,3990,40,64,88,Gd,31-Aug-2013,M. J. MARTIN,2026-09-18
3268.7,0.16,0.010287,0.0003320453131727656,,,,,,,,,,65,87,Tb,,0,,2-,17.5,,1,h,63000,360,EC+B+,100,,3990,40,64,88,Gd,31-Aug-2013,M. J. MARTIN,2026-09-18
3272.34,0.21,0.0046355,0.00019547043254671537,,,,,,,,,,65,87,Tb,,0,,2-,17.5,,1,h,63000,360,EC+B+,100,,3990,40,64,88,Gd,31-Aug-2013,M. J. MARTIN,2026-09-18
3276,0.19,0.00762,0.000203652277178528,,,,,,,,,,65,87,Tb,,0,,2-,17.5,,1,h,63000,360,EC+B+,100,,3990,40,64,88,Gd,31-Aug-2013,M. J. MARTIN,2026-09-18
3284.24,0.15,0.005715,0.00019800568173666128,,,,,,,,,,65,87,Tb,,0,,2-,17.5,,1,h,63000,360,EC+B+,100,,3990,40,64,88,Gd,31-Aug-2013,M. J. MARTIN,2026-09-18
3309.75,0.14,0.009779,0.000270284590755744,,,,,,,,,,65,87,Tb,,0,,2-,17.5,,1,h,63000,360,EC+B+,100,,3990,40,64,88,Gd,31-Aug-2013,M. J. MARTIN,2026-09-18
3324.22,0.11,0.032385,0.0008211455413019059,,,,,,,,,,65,87,Tb,,0,,2-,17.5,,1,h,63000,360,EC+B+,100,,3990,40,64,88,Gd,31-Aug-2013,M. J. MARTIN,2026-09-18
3328.24,0.15,0.008509,0.00026642102019172587,,,,,,,,,,65,87,Tb,,0,,2-,17.5,,1,h,63000,360,EC+B+,100,,3990,40,64,88,Gd,31-Aug-2013,M. J. MARTIN,2026-09-18
3338.12,0.16,0.00376555,0.0001441597253049547,,,,,,,,,,65,87,Tb,,0,,2-,17.5,,1,h,63000,360,EC+B+,100,,3990,40,64,88,Gd,31-Aug-2013,M. J. MARTIN,2026-09-18
3359.86,0.25,0.0012192,0.00008964329534326591,,,,,,,,,,65,87,Tb,,0,,2-,17.5,,1,h,63000,360,EC+B+,100,,3990,40,64,88,Gd,31-Aug-2013,M. J. MARTIN,2026-09-18
3366.46,0.15,0.00466725,0.00015865235579719578,,,,,,,,,,65,87,Tb,,0,,2-,17.5,,1,h,63000,360,EC+B+,100,,3990,40,64,88,Gd,31-Aug-2013,M. J. MARTIN,2026-09-18
3380.23,0.15,0.0049149,0.0001593186542750095,,,,,,,,,,65,87,Tb,,0,,2-,17.5,,1,h,63000,360,EC+B+,100,,3990,40,64,88,Gd,31-Aug-2013,M. J. MARTIN,2026-09-18
3391.1,0.4,0.00080645,0.00008922597379687151,,,,,,,,,,65,87,Tb,,0,,2-,17.5,,1,h,63000,360,EC+B+,100,,3990,40,64,88,Gd,31-Aug-2013,M. J. MARTIN,2026-09-18
3401.45,0.2,0.00188595,0.00010315092050001299,,,,,,,,,,65,87,Tb,,0,,2-,17.5,,1,h,63000,360,EC+B+,100,,3990,40,64,88,Gd,31-Aug-2013,M. J. MARTIN,2026-09-18
3406.89,0.23,0.00147955,0.00008999250190988136,,,,,,,,,,65,87,Tb,,0,,2-,17.5,,1,h,63000,360,EC+B+,100,,3990,40,64,88,Gd,31-Aug-2013,M. J. MARTIN,2026-09-18
3411.9,0.15,0.0053467,0.00016055538109948232,,,,,,,,,,65,87,Tb,,0,,2-,17.5,,1,h,63000,360,EC+B+,100,,3990,40,64,88,Gd,31-Aug-2013,M. J. MARTIN,2026-09-18
3459.7,0.3,0.00084455,0.00007661671097091025,,,,,,,,,,65,87,Tb,,0,,2-,17.5,,1,h,63000,360,EC+B+,100,,3990,40,64,88,Gd,31-Aug-2013,M. J. MARTIN,2026-09-18
3479.14,0.14,0.012065,0.00033734589074123903,,,,,,,,,,65,87,Tb,,0,,2-,17.5,,1,h,63000,360,EC+B+,100,,3990,40,64,88,Gd,31-Aug-2013,M. J. MARTIN,2026-09-18
3493.32,0.18,0.00227965,0.00009147229963218372,,,,,,,,,,65,87,Tb,,0,,2-,17.5,,1,h,63000,360,EC+B+,100,,3990,40,64,88,Gd,31-Aug-2013,M. J. MARTIN,2026-09-18
3508.7,0.3,0.00083185,0.00007660430536203563,,,,,,,,,,65,87,Tb,,0,,2-,17.5,,1,h,63000,360,EC+B+,100,,3990,40,64,88,Gd,31-Aug-2013,M. J. MARTIN,2026-09-18
3534.74,0.24,0.00118745,0.00007702160995460949,,,,,,,,,,65,87,Tb,,0,,2-,17.5,,1,h,63000,360,EC+B+,100,,3990,40,64,88,Gd,31-Aug-2013,M. J. MARTIN,2026-09-18
3565.85,0.24,0.0009652,0.00006415157363619383,,,,,,,,,,65,87,Tb,,0,,2-,17.5,,1,h,63000,360,EC+B+,100,,3990,40,64,88,Gd,31-Aug-2013,M. J. MARTIN,2026-09-18
3572.44,0.18,0.0024638,0.00009189759735705825,,,,,,,,,,65,87,Tb,,0,,2-,17.5,,1,h,63000,360,EC+B+,100,,3990,40,64,88,Gd,31-Aug-2013,M. J. MARTIN,2026-09-18
3595.3,0.3,0.0010033,0.00007678743647238134,,,,,,,,,,65,87,Tb,,0,,2-,17.5,,1,h,63000,360,EC+B+,100,,3990,40,64,88,Gd,31-Aug-2013,M. J. MARTIN,2026-09-18
3621.7,0.4,0.00059055,0.00007007252599985247,,,,,,,,,,65,87,Tb,,0,,2-,17.5,,1,h,63000,360,EC+B+,100,,3990,40,64,88,Gd,31-Aug-2013,M. J. MARTIN,2026-09-18
511,,40.547898,,,,,,,,,,,65,87,Tb,,0,,2-,17.5,,1,h,63000,360,EC+B+,100,,3990,40,64,88,Gd,31-Aug-2013,M. J. MARTIN,2026-09-18
511,,2.264,,,,,,,,,,,65,87,Tb,,501.74,0.19,8+,4.2,,1,m,252,6,EC+B+,21.1,0.6,3990,40,64,88,Gd,31-Aug-2013,M. J. MARTIN,2026-09-18
6.858,,3.05,0.23,,,,,,,,,,65,87,Tb,,501.74,0.19,8+,4.2,,1,m,252,6,EC+B+,21.1,0.6,3990,40,64,88,Gd,31-Aug-2013,M. J. MARTIN,2026-09-18
6.858,,12.4,0.6,,,,,,,,,,65,87,Tb,,0,,2-,17.5,,1,h,63000,360,EC+B+,100,,3990,40,64,88,Gd,31-Aug-2013,M. J. MARTIN,2026-09-18
7.118,,23.062428649122,1.275366474463162,,,,,,,,,,65,87,Tb,,501.74,0.19,8+,4.2,,1,m,252,6,IT,78.9,0.6,,,65,87,Tb,31-Aug-2013,M. J. MARTIN,2026-09-18
42.308,,18.6,0.7,,,,,,,,,,65,87,Tb,,0,,2-,17.5,,1,h,63000,360,EC+B+,100,,3990,40,64,88,Gd,31-Aug-2013,M. J. MARTIN,2026-09-18
42.308,,4.5,0.3,,,,,,,,,,65,87,Tb,,501.74,0.19,8+,4.2,,1,m,252,6,EC+B+,21.1,0.6,3990,40,64,88,Gd,31-Aug-2013,M. J. MARTIN,2026-09-18
42.996,,8.1,0.6,,,,,,,,,,65,87,Tb,,501.74,0.19,8+,4.2,,1,m,252,6,EC+B+,21.1,0.6,3990,40,64,88,Gd,31-Aug-2013,M. J. MARTIN,2026-09-18
42.996,,33.4,1.2,,,,,,,,,,65,87,Tb,,0,,2-,17.5,,1,h,63000,360,EC+B+,100,,3990,40,64,88,Gd,31-Aug-2013,M. J. MARTIN,2026-09-18
43.743,,22.808296848837582,1.2045442326783735,,,,,,,,,,65,87,Tb,,501.74,0.19,8+,4.2,,1,m,252,6,IT,78.9,0.6,,,65,87,Tb,31-Aug-2013,M. J. MARTIN,2026-09-18
44.481,,40.897071631410405,2.1520479978619003,,,,,,,,,,65,87,Tb,,501.74,0.19,8+,4.2,,1,m,252,6,IT,78.9,0.6,,,65,87,Tb,31-Aug-2013,M. J. MARTIN,2026-09-18
48.802,,2.57,0.19,,,,,,,,,,65,87,Tb,,501.74,0.19,8+,4.2,,1,m,252,6,EC+B+,21.1,0.6,3990,40,64,88,Gd,31-Aug-2013,M. J. MARTIN,2026-09-18
48.802,,10.6,0.4,,,,,,,,,,65,87,Tb,,0,,2-,17.5,,1,h,63000,360,EC+B+,100,,3990,40,64,88,Gd,31-Aug-2013,M. J. MARTIN,2026-09-18
49.326,,3.25,0.24,,,,,,,,,,65,87,Tb,,501.74,0.19,8+,4.2,,1,m,252,6,EC+B+,21.1,0.6,3990,40,64,88,Gd,31-Aug-2013,M. J. MARTIN,2026-09-18
49.326,,13.3,0.5,,,,,,,,,,65,87,Tb,,0,,2-,17.5,,1,h,63000,360,EC+B+,100,,3990,40,64,88,Gd,31-Aug-2013,M. J. MARTIN,2026-09-18
49.957,,2.78,0.12,,,,,,,,,,65,87,Tb,,0,,2-,17.5,,1,h,63000,360,EC+B+,100,,3990,40,64,88,Gd,31-Aug-2013,M. J. MARTIN,2026-09-18
49.957,,0.68,0.05,,,,,,,,,,65,87,Tb,,501.74,0.19,8+,4.2,,1,m,252,6,EC+B+,21.1,0.6,3990,40,64,88,Gd,31-Aug-2013,M. J. MARTIN,2026-09-18
50.494,,13.059853538325662,0.7013094939866603,,,,,,,,,,65,87,Tb,,501.74,0.19,8+,4.2,,1,m,252,6,IT,78.9,0.6,,,65,87,Tb,31-Aug-2013,M. J. MARTIN,2026-09-18
51.04,,16.442355604752006,0.880530708918454,,,,,,,,,,65,87,Tb,,501.74,0.19,8+,4.2,,1,m,252,6,IT,78.9,0.6,,,65,87,Tb,31-Aug-2013,M. J. MARTIN,2026-09-18
51.699,,3.3825020664263463,0.19302015030151143,,,,,,,,,,65,87,Tb,,501.74,0.19,8+,4.2,,1,m,252,6,IT,78.9,0.6,,,65,87,Tb,31-Aug-2013,M. J. MARTIN,2026-09-18

